Waypoint,Agen Pont RN13 VF (M.I.N.),LFBA/NA,44.1928,0.646667,,,PtRep,,LF,20,2023-12-09T20:04:05.783
Waypoint,Agen RN21 D13 Foulayronnes,LFBA/N,44.245,0.643333,,,PtRep,,LF,20,2023-12-09T20:04:05.783
Waypoint,Agen Silos Feugarolle,LFBA/W,44.2286,0.351944,,,PtRep,,LF,20,2023-12-09T20:04:05.783
Waypoint,Agen Village Astaffort,LFBA/S,44.0639,0.651389,,,PtRep,,LF,20,2023-12-09T20:04:05.783
Waypoint,Agen Village Laplume,LFBA/WB,44.1114,0.531389,,,PtRep,,LF,20,2023-12-09T20:04:05.783
Waypoint,Agen Village Layrac,LFBA/SA,44.135,0.660556,,,PtRep,,LF,20,2023-12-09T20:04:05.783
Waypoint,Agen Village Serignac s/G,LFBA/WA,44.2142,0.484722,,,PtRep,,LF,20,2023-12-09T20:04:05.783
Waypoint,Aix 1 Km Nord Ch Gardanne,LFMA/AE,43.48,5.48528,,,PtRep,,LF,20,2023-12-09T20:04:05.783
Waypoint,Aix 1 Km W CabriËs,LFMA/AS,43.445,5.37222,,,PtRep,,LF,20,2023-12-09T20:04:05.783
Waypoint,Aix Acqueduc Roquefavour,LFMA/AW,43.5161,5.31194,,,PtRep,,LF,20,2023-12-09T20:04:05.783
Waypoint,Aix Bretelle A8 Aix Ouest - Panne Radio,LFMA/AR,43.5269,5.40222,,,PtRep,,LF,20,2023-12-09T20:04:05.783
Waypoint,Aix Carrefour Est Eguilles,LFMA/AT,43.5725,5.39194,,,PtRep,,LF,20,2023-12-09T20:04:05.783
Waypoint,Aix Tr Est tr de guet W Eguilles,LFMA/AN,43.5639,5.33639,,,PtRep,,LF,20,2023-12-09T20:04:05.783
Waypoint,Ajaccio Capu di Muru,LFKJ/SA,41.7389,8.65833,,,PtRep,,LF,20,2023-12-09T20:04:05.783
Waypoint,Ajaccio Carr. Bocca Arghellaju,LFKJ/SEA,41.8103,8.84833,,,PtRep,,LF,20,2023-12-09T20:04:05.783
Waypoint,Ajaccio Plage de Stagnone,LFKJ/N,42.0472,8.74722,,,PtRep,,LF,20,2023-12-09T20:04:05.783
Waypoint,Ajaccio SÈmaphore Iles Sanguinaires,LFKJ/W,41.8756,8.58806,,,PtRep,,LF,20,2023-12-09T20:04:05.783
Waypoint,Ajaccio Sierra,LFKJ/S,41.6619,8.72333,,,PtRep,,LF,20,2023-12-09T20:04:05.783
Waypoint,Ajaccio Sud CimetiËre,LFKJ/WA,41.8972,8.70472,,,PtRep,,LF,20,2023-12-09T20:04:05.783
Waypoint,Ajaccio Sud plage d'Agosta,LFKJ/SB,41.8536,8.79167,,,PtRep,,LF,20,2023-12-09T20:04:05.783
Waypoint,Ajaccio Tour de Capitello,LFKJ/SC,41.9042,8.79917,,,PtRep,,LF,20,2023-12-09T20:04:05.783
Waypoint,Ajaccio Tr Ch. de la Punta,LFKJ/NWA,41.9619,8.72778,,,PtRep,,LF,20,2023-12-09T20:04:05.783
Waypoint,Ajaccio Tr Col Vizzanova,LFKJ/NV,42.1097,9.11389,,,PtRep,,LF,20,2023-12-09T20:04:05.783
Waypoint,Ajaccio Trav. CargËse,LFKJ/NW,42.1211,8.51639,,,PtRep,,LF,20,2023-12-09T20:04:05.783
Waypoint,Ajaccio ZA de Tavaco,LFKJ/NZ,42.0183,8.89333,,,PtRep,,LF,20,2023-12-09T20:04:05.783
Waypoint,Albert Cappy sur canal,LFAQ/SA,49.9239,2.75972,,,PtRep,,LF,20,2023-12-09T20:04:05.783
Waypoint,Albert Hamel VallÈe de l'Ancre,LFAQ/N,50.0656,2.66222,,,PtRep,,LF,20,2023-12-09T20:04:05.783
Waypoint,Albert Inter D1029/A1,LFAQ/S,49.8739,2.83472,,,PtRep,,LF,20,2023-12-09T20:04:05.783
Waypoint,Albert MÈmorial de Cerisy,LFAQ/WA,49.9056,2.6325,,,PtRep,,LF,20,2023-12-09T20:04:05.783
Waypoint,Albert MÈmorial Sud Corbie,LFAQ/W,49.8869,2.51167,,,PtRep,,LF,20,2023-12-09T20:04:05.783
Waypoint,Albert Nord ZI Albert,LFAQ/NA,50.0161,2.67333,,,PtRep,,LF,20,2023-12-09T20:04:05.783
Waypoint,Andernos Plage de St-Brice,LFCD/N,44.7464,-1.11806,,,PtRep,,LF,20,2023-12-09T20:04:05.783
Waypoint,Andernos RÈservoir Dom. De Certes,LFCD/SE,44.6917,-1.04556,,,PtRep,,LF,20,2023-12-09T20:04:05.783
Waypoint,Anemasse Ouest Reignier,LFLI/R,46.1419,6.26111,,,PtRep,,LF,20,2023-12-09T20:04:05.783
Waypoint,Angers M. Beaufort en V.,LFJR/SE,47.4408,-0.212222,,,PtRep,,LF,20,2023-12-09T20:04:05.783
Waypoint,Angers M. inter A11/Loir,LFJR/N,47.655,-0.272778,,,PtRep,,LF,20,2023-12-09T20:04:05.783
Waypoint,Angers M. Inter A87-Loire,LFJR/SW,47.4175,-0.505556,,,PtRep,,LF,20,2023-12-09T20:04:05.783
Waypoint,Angers M. PÈage,LFJR/S,47.5411,-0.341389,,,PtRep,,LF,20,2023-12-09T20:04:05.783
Waypoint,Angers M. Pt Ch‚teauneuf s Sarthe,LFJR/NW,47.6781,-0.486667,,,PtRep,,LF,20,2023-12-09T20:04:05.783
Waypoint,AngoulÍme CarriËre N ForÍt Braconne,LFBU/NE,45.7936,0.293611,,,PtRep,,LF,20,2023-12-09T20:04:05.783
Waypoint,AngoulÍme Ech N141 + Antenne,LFBU/SE,45.7025,0.264722,,,PtRep,,LF,20,2023-12-09T20:04:05.783
Waypoint,AngoulÍme EntrepÙts,LFBU/NA,45.7775,0.192222,,,PtRep,,LF,20,2023-12-09T20:04:05.783
Waypoint,AngoulÍme Inter N10/D15,LFBU/NW,45.8106,0.1925,,,PtRep,,LF,20,2023-12-09T20:04:05.783
Waypoint,AngoulÍme Nd Pl Eau St-Yriex,LFBU/SA,45.6919,0.150833,,,PtRep,,LF,20,2023-12-09T20:04:05.783
Waypoint,AngoulÍme Touvre,LFBU/S,45.6611,0.259444,,,PtRep,,LF,20,2023-12-09T20:04:05.783
Waypoint,Annecy Alby sur ChÈran,LFLP/ALBY,45.8167,6.02028,,,PtRep,,LF,20,2023-12-09T20:04:05.783
Waypoint,Annecy Centr. Hydro ValliËres,LFLP/W,45.9017,5.92056,,,PtRep,,LF,20,2023-12-09T20:04:05.783
Waypoint,Annecy Ch. D'eau,LFLP/SA,45.8756,6.07611,,,PtRep,,LF,20,2023-12-09T20:04:05.783
Waypoint,Annecy Col d'Evires A410 N203,LFLP/NE,46.0447,6.2575,,,PtRep,,LF,20,2023-12-09T20:04:05.783
Waypoint,Annecy Cruseilles,LFLP/N,46.0344,6.10722,,,PtRep,,LF,20,2023-12-09T20:04:05.783
Waypoint,Annecy Ech des Glaisins,LFLP/E,45.9353,6.16806,,,PtRep,,LF,20,2023-12-09T20:04:05.783
Waypoint,Annecy Ech. Centre A41/D3508 (HÈl.),LFLP/HS,45.8969,6.08778,,,PtRep,,LF,20,2023-12-09T20:04:05.783
Waypoint,Annecy Echangeur A41 N201,LFLP/NA,46.0044,6.13167,,,PtRep,,LF,20,2023-12-09T20:04:05.783
Waypoint,Annecy Lac de la Balme,LFLP/NW,45.9667,6.03333,,,PtRep,,LF,20,2023-12-09T20:04:05.783
Waypoint,Annecy Pont de Brogny (HÈl.),LFLP/HN,45.9333,6.12833,,,PtRep,,LF,20,2023-12-09T20:04:05.783
Waypoint,Annecy Saint Jorioz,LFLP/SJ,45.8442,6.17417,,,PtRep,,LF,20,2023-12-09T20:04:05.783
Waypoint,Annecy Stade CimetiËre (HÈl.),LFLP/HM,45.9214,6.11583,,,PtRep,,LF,20,2023-12-09T20:04:05.783
Waypoint,Annecy Station Èpurat. ALEX,LFLP/EA,45.8958,6.22833,,,PtRep,,LF,20,2023-12-09T20:04:05.783
Waypoint,Annemasse BIVLO,LFLI/BIVLO,46.1972,6.25389,,,PtRep,,LF,20,2023-12-09T20:04:05.783
Waypoint,Annemasse Est Fort Ecluse,LFLI/SW,46.1219,5.89917,,,PtRep,,LF,20,2023-12-09T20:04:05.783
Waypoint,Annemasse Excenevex,LFLI/E,46.3472,6.36306,,,PtRep,,LF,20,2023-12-09T20:04:05.783
Waypoint,Annemasse Inter St-Julien,LFLI/S,46.1336,6.09944,,,PtRep,,LF,20,2023-12-09T20:04:05.783
Waypoint,Annemasse Lac Divonne,LFLI/N,46.3544,6.15333,,,PtRep,,LF,20,2023-12-09T20:04:05.783
Waypoint,Annemasse MOLUS,LFLI/MOLUS,46.4439,6.67944,,,PtRep,,LF,20,2023-12-09T20:04:05.783
Waypoint,Annemasse Port Noir,LFLI/SE,46.2128,6.1725,,,PtRep,,LF,20,2023-12-09T20:04:05.783
Waypoint,Annemasse St-Jean,LFLI/W,46.2286,5.995,,,PtRep,,LF,20,2023-12-09T20:04:05.783
Waypoint,Arcachon Est la Mole,LFCH/NE,44.6436,-1.04833,,,PtRep,,LF,20,2023-12-09T20:04:05.783
Waypoint,Arcachon Est Parc du Teich,LFCH/E,44.6333,-1.00556,,,PtRep,,LF,20,2023-12-09T20:04:05.783
Waypoint,Arcachon Milieu Dune Pyla,LFCH/W,44.5892,-1.21361,,,PtRep,,LF,20,2023-12-09T20:04:05.783
Waypoint,Arcachon Nord Hippodrome,LFCH/N,44.6033,-1.12694,,,PtRep,,LF,20,2023-12-09T20:04:05.783
Waypoint,Arcachon Sud Plage Petit Nice,LFCH/P,44.5681,-1.23056,,,PtRep,,LF,20,2023-12-09T20:04:05.783
Waypoint,Avignon C. Carpentras,LFMV/NE,44.0542,5.05139,,,PtRep,,LF,20,2023-12-09T20:04:05.783
Waypoint,Avignon C. Durance RhÙne,LFMV/W,43.9222,4.74167,,,PtRep,,LF,20,2023-12-09T20:04:05.783
Waypoint,Avignon C. Graveson,LFMV/SW,43.8583,4.77917,,,PtRep,,LF,20,2023-12-09T20:04:05.783
Waypoint,Avignon C. Ile Barthelasse,LFMV/NA,43.9872,4.82472,,,PtRep,,LF,20,2023-12-09T20:04:05.783
Waypoint,Avignon C. Isle sur Sorgue,LFMV/E,43.9203,5.05694,,,PtRep,,LF,20,2023-12-09T20:04:05.783
Waypoint,Avignon C. Roquemaure,LFMV/NW,44.0603,4.78972,,,PtRep,,LF,20,2023-12-09T20:04:05.783
Waypoint,Avignon C. SabliËre Nord Durance,LFMV/SE,43.8583,4.9875,,,PtRep,,LF,20,2023-12-09T20:04:05.783
Waypoint,Avord Bourges,LFOA/BOU,47.0658,2.36167,,,PtRep,,LF,20,2023-12-09T20:04:05.783
Waypoint,Avord Chaumoux Marcilly,LFOA/NE,47.1272,2.77917,,,PtRep,,LF,20,2023-12-09T20:04:05.783
Waypoint,Avord Dun sur Auron,LFOA/DUN,46.8867,2.57111,,,PtRep,,LF,20,2023-12-09T20:04:05.783
Waypoint,Avord Fussy,LFOA/W,47.1494,2.42889,,,PtRep,,LF,20,2023-12-09T20:04:05.783
Waypoint,Avord La ChaussÈe,LFOA/S,46.9242,2.58639,,,PtRep,,LF,20,2023-12-09T20:04:05.783
Waypoint,Avord Les Aix d'Anguillon,LFOA/N,47.1969,2.57389,,,PtRep,,LF,20,2023-12-09T20:04:05.783
Waypoint,Avord NÈrondes,LFOA/SE,46.99,2.82944,,,PtRep,,LF,20,2023-12-09T20:04:05.783
Waypoint,Avord Sainte Solange,LFOA/W1,47.1436,2.56194,,,PtRep,,LF,20,2023-12-09T20:04:05.783
Waypoint,Avord SE Bourges,LFOA/BS,47.06,2.42722,,,PtRep,,LF,20,2023-12-09T20:04:05.783
Waypoint,Avord St Germain du Puy,LFOA/BN,47.0981,2.4675,,,PtRep,,LF,20,2023-12-09T20:04:05.783
Waypoint,Bagneres De Luchon Cierp,LFCB/CIE,42.9181,0.636944,,,PtRep,,LF,20,2023-12-09T20:04:05.783
Waypoint,B‚le Bge N de Huningue,LFSB/E,47.6192,7.5725,,,PtRep,,LF,20,2023-12-09T20:04:05.783
Waypoint,B‚le Cimenterie Altkirch,LFSB/W,47.6325,7.23583,,,PtRep,,LF,20,2023-12-09T20:04:05.783
Waypoint,B‚le Entre 2 lignes HT sur rte,LFSB/WA,47.6,7.38139,,,PtRep,,LF,20,2023-12-09T20:04:05.783
Waypoint,B‚le Inter N3/K6345,LFSB/NE,47.7075,7.58083,,,PtRep,,LF,20,2023-12-09T20:04:05.783
Waypoint,B‚le Pont Rhin ChalampÈ,LFSB/N,47.815,7.54278,,,PtRep,,LF,20,2023-12-09T20:04:05.783
Waypoint,B‚le Pt Autoroute NE Pratteln,LFSB/S,47.5267,7.71472,,,PtRep,,LF,20,2023-12-09T20:04:05.783
Waypoint,B‚le Radar,LFSB/WB,47.5889,7.49528,,,PtRep,,LF,20,2023-12-09T20:04:05.783
Waypoint,Bastia Col de Lancone,LFKB/W,42.6,9.36611,,,PtRep,,LF,20,2023-12-09T20:04:05.783
Waypoint,Bastia Col de TÈghime,LFKB/NW,42.6722,9.38278,,,PtRep,,LF,20,2023-12-09T20:04:05.783
Waypoint,Bastia Hipp. Casatorra,LFKB/NA,42.6194,9.43556,,,PtRep,,LF,20,2023-12-09T20:04:05.783
Waypoint,Bastia Port Campoloro,LFKB/S,42.3389,9.54111,,,PtRep,,LF,20,2023-12-09T20:04:05.783
Waypoint,Bastia Tour le Losse,LFKB/N1,42.8611,9.48083,,,PtRep,,LF,20,2023-12-09T20:04:05.783
Waypoint,Bastia Tr Sud Centrale Lucciana,LFKB/SA,42.5222,9.44389,,,PtRep,,LF,20,2023-12-09T20:04:05.783
Waypoint,Bastia Trav. Port,LFKB/N,42.7028,9.46333,,,PtRep,,LF,20,2023-12-09T20:04:05.783
Waypoint,Bastia Us. Barchetta,LFKB/SW,42.5083,9.37167,,,PtRep,,LF,20,2023-12-09T20:04:05.783
Waypoint,Beauvais A16 (Tr W Relais Bois de la Molle),LFOB/SW,49.3239,2.08,,,PtRep,,LF,20,2023-12-09T20:04:05.783
Waypoint,Beauvais A16/N1 (Bois St-Martin),LFOB/N,49.5236,2.1875,,,PtRep,,LF,20,2023-12-09T20:04:05.783
Waypoint,Beauvais Allone (Ech A16),LFOB/S,49.3978,2.12889,,,PtRep,,LF,20,2023-12-09T20:04:05.783
Waypoint,Beauvais Goincourt,LFOB/WB,49.4278,2.03972,,,PtRep,,LF,20,2023-12-09T20:04:05.783
Waypoint,Beauvais Noailles (N1/D2/D44),LFOB/SE,49.3292,2.2,,,PtRep,,LF,20,2023-12-09T20:04:05.783
Waypoint,Beauvais Pont N31,LFOB/W,49.4194,1.9375,,,PtRep,,LF,20,2023-12-09T20:04:05.783
Waypoint,Bergerac CastillonËs Chap.,LFBE/S,44.6517,0.6,,,PtRep,,LF,20,2023-12-09T20:04:05.783
Waypoint,Bergerac Ch Eau PÈlissous,LFBE/NA,44.8756,0.548611,,,PtRep,,LF,20,2023-12-09T20:04:05.783
Waypoint,Bergerac Colombier Ch D'eau,LFBE/SA,44.7753,0.521944,,,PtRep,,LF,20,2023-12-09T20:04:05.783
Waypoint,Bergerac D709 / Hte Tension,LFBE/NW,44.9314,0.430278,,,PtRep,,LF,20,2023-12-09T20:04:05.783
Waypoint,Bergerac Eymet …glise,LFBE/SW,44.6678,0.396389,,,PtRep,,LF,20,2023-12-09T20:04:05.783
Waypoint,Bergerac Issigeac,LFBE/SE,44.7303,0.607222,,,PtRep,,LF,20,2023-12-09T20:04:05.783
Waypoint,Bergerac RN21/Hte Tens.,LFBE/NE,44.9194,0.560833,,,PtRep,,LF,20,2023-12-09T20:04:05.783
Waypoint,BÈziers Cap d'Agde,LFMU/SE,43.2706,3.50583,,,PtRep,,LF,20,2023-12-09T20:04:05.783
Waypoint,BÈziers Capestang,LFMU/CG,43.3311,3.04167,,,PtRep,,LF,20,2023-12-09T20:04:05.783
Waypoint,BÈziers Embouchure Aude,LFMU/AD,43.2128,3.24,,,PtRep,,LF,20,2023-12-09T20:04:05.783
Waypoint,BÈziers Lieuran les BÈziers,LFMU/NB,43.4206,3.23694,,,PtRep,,LF,20,2023-12-09T20:04:05.783
Waypoint,BÈziers PÈzenas,LFMU/PZ,43.4747,3.44528,,,PtRep,,LF,20,2023-12-09T20:04:05.783
Waypoint,BÈziers ZI NW MËze Autor.,LFMU/MZ,43.4425,3.57611,,,PtRep,,LF,20,2023-12-09T20:04:05.783
Waypoint,Biarritz Bec du Gave Adour/Gave,LFBZ/BG,43.5461,-1.195,,,PtRep,,LF,20,2023-12-09T20:04:05.783
Waypoint,Biarritz Cambo Arnaga,LFBZ/SE,43.3678,-1.4225,,,PtRep,,LF,20,2023-12-09T20:04:05.783
Waypoint,Biarritz Chapelle N Baie St-J D L,LFBZ/SW,43.4017,-1.66,,,PtRep,,LF,20,2023-12-09T20:04:05.783
Waypoint,Biarritz Ch‚teau d'Eau,LFBZ/NE,43.5197,-1.4025,,,PtRep,,LF,20,2023-12-09T20:04:05.783
Waypoint,Biarritz Colline Sainte Barbe,LFBZ/S,43.4172,-1.49472,,,PtRep,,LF,20,2023-12-09T20:04:05.783
Waypoint,Biarritz Embouch. Adour,LFBZ/NA,43.5303,-1.52361,,,PtRep,,LF,20,2023-12-09T20:04:05.783
Waypoint,Biarritz Hasparren,LFBZ/SH,43.385,-1.305,,,PtRep,,LF,20,2023-12-09T20:04:05.783
Waypoint,Biarritz Inter D936/A64,LFBZ/E,43.4667,-1.28694,,,PtRep,,LF,20,2023-12-09T20:04:05.783
Waypoint,Biarritz Phare Cap Breton,LFBZ/NC,43.6558,-1.44833,,,PtRep,,LF,20,2023-12-09T20:04:05.783
Waypoint,Biarritz Phare de Biarritz,LFBZ/NP,43.4928,-1.5525,,,PtRep,,LF,20,2023-12-09T20:04:05.783
Waypoint,Biarritz Plage de Bidart,LFBZ/SB,43.4322,-1.60083,,,PtRep,,LF,20,2023-12-09T20:04:05.783
Waypoint,Biscarosse 1NM Est Bisc. Plage,LFBS/O2,44.4494,-1.22389,,,PtRep,,LF,20,2023-12-09T20:04:05.783
Waypoint,Biscarosse Nord Ville Bisc.,LFBS/OS,44.4167,-1.14944,,,PtRep,,LF,20,2023-12-09T20:04:05.783
Waypoint,Bordeaux Ant. Croix d'Hins,LFBD/SW,44.7042,-0.77,,,PtRep,,LF,20,2023-12-09T20:04:05.783
Waypoint,Bordeaux Castelnau de MÈd.,LFBD/N,45.0289,-0.796944,,,PtRep,,LF,20,2023-12-09T20:04:05.783
Waypoint,Bordeaux D1215/D1 Le Taillan,LFBD/EA,44.8936,-0.668889,,,PtRep,,LF,20,2023-12-09T20:04:05.783
Waypoint,Bordeaux Ile de la Lande,LFBD/SE,44.7458,-0.504167,,,PtRep,,LF,20,2023-12-09T20:04:05.783
Waypoint,Bordeaux Macau,LFBD/NE,45.0083,-0.6125,,,PtRep,,LF,20,2023-12-09T20:04:05.783
Waypoint,Bordeaux N1010 D214 La Birade,LFBD/S,44.7167,-0.690278,,,PtRep,,LF,20,2023-12-09T20:04:05.783
Waypoint,Bordeaux N1215/D6 Saint MÈdard,LFBD/NA,44.9075,-0.747222,,,PtRep,,LF,20,2023-12-09T20:04:05.783
Waypoint,Bordeaux Sainte HÈlËne,LFBD/NW,44.9756,-0.880833,,,PtRep,,LF,20,2023-12-09T20:04:05.783
Waypoint,Bordeaux Us. DÈchetterie,LFBD/OA,44.7697,-0.771111,,,PtRep,,LF,20,2023-12-09T20:04:05.783
Waypoint,Bordeaux Usine Gazinet,LFBD/SA,44.775,-0.691667,,,PtRep,,LF,20,2023-12-09T20:04:05.783
Waypoint,Brest 1.5 Nm SE Le Faou (Ax),LFRB/LF,48.2833,-4.13333,,,PtRep,,LF,20,2023-12-09T20:04:05.783
Waypoint,Brest Ch eau Plabennec,LFRB/PA,48.5042,-4.42278,,,PtRep,,LF,20,2023-12-09T20:04:05.783
Waypoint,Brest Daoulas,LFRB/SG,48.37,-4.26111,,,PtRep,,LF,20,2023-12-09T20:04:05.783
Waypoint,Brest Kerdroc Croisement,LFRB/NWL,48.6103,-4.37889,,,PtRep,,LF,20,2023-12-09T20:04:05.783
Waypoint,Brest Lannilis,LFRB/NG,48.5667,-4.52833,,,PtRep,,LF,20,2023-12-09T20:04:05.783
Waypoint,Brest Le Conquet,LFRB/LC,48.365,-4.78361,,,PtRep,,LF,20,2023-12-09T20:04:05.783
Waypoint,Brest Le Relecq Kerhuon,LFRB/K,48.4067,-4.37417,,,PtRep,,LF,20,2023-12-09T20:04:05.783
Waypoint,Brest Saint Renan,LFRB/WG,48.4297,-4.61722,,,PtRep,,LF,20,2023-12-09T20:04:05.783
Waypoint,Brest Sud Antenne Pencran,LFRB/SWL,48.4167,-4.2,,,PtRep,,LF,20,2023-12-09T20:04:05.783
Waypoint,Brive Souillac A3/N89,LFSL/N,45.1472,1.48528,,,PtRep,,LF,20,2023-12-09T20:04:05.783
Waypoint,Brive Souillac Ch. Salignac,LFSL/W,44.975,1.32694,,,PtRep,,LF,20,2023-12-09T20:04:05.783
Waypoint,Brive Souillac Ech. A20 Noailles,LFSL/NA,45.0986,1.52,,,PtRep,,LF,20,2023-12-09T20:04:05.783
Waypoint,Brive Souillac Ech. A20 Souillac,LFSL/S,44.9017,1.50111,,,PtRep,,LF,20,2023-12-09T20:04:05.783
Waypoint,Brive Souillac Martel,LFSL/E,44.9369,1.60889,,,PtRep,,LF,20,2023-12-09T20:04:05.783
Waypoint,Brive Souillac PÈage A20,LFSL/SA,44.9906,1.52667,,,PtRep,,LF,20,2023-12-09T20:04:05.783
Waypoint,Caen Ch. D'eau Evrecy,LFRK/SC,49.0992,-0.512222,,,PtRep,,LF,20,2023-12-09T20:04:05.783
Waypoint,Caen Cimenterie Ranville,LFRK/EK,49.2239,-0.275556,,,PtRep,,LF,20,2023-12-09T20:04:05.783
Waypoint,Caen Orne NW Thury-Harcourt,LFRK/SK,48.9939,-0.475556,,,PtRep,,LF,20,2023-12-09T20:04:05.783
Waypoint,Caen Pt 4 voies SE Villers-Bocage,LFRK/SW,49.0781,-0.641389,,,PtRep,,LF,20,2023-12-09T20:04:05.783
Waypoint,Caen Rd-Pt ForÍt Balleroy,LFRK/W,49.1936,-0.864444,,,PtRep,,LF,20,2023-12-09T20:04:05.783
Waypoint,Caen Saint Contest (Tr),LFRK/NK,49.2119,-0.403333,,,PtRep,,LF,20,2023-12-09T20:04:05.783
Waypoint,Caen Sucrerie Cagny,LFRK/EY,49.1408,-0.253889,,,PtRep,,LF,20,2023-12-09T20:04:05.783
Waypoint,Calais Port (Supp),LFAC/PC,50.97,1.84694,,,PtRep,,LF,20,2023-12-09T20:04:05.783
Waypoint,Calvi Cantone,LFKC/EA,42.5411,8.79917,,,PtRep,,LF,20,2023-12-09T20:04:05.783
Waypoint,Calvi l'Ile Rousse,LFKC/IR,42.6444,8.93167,,,PtRep,,LF,20,2023-12-09T20:04:05.783
Waypoint,Calvi La Revellata,LFKC/N,42.5831,8.72444,,,PtRep,,LF,20,2023-12-09T20:04:05.783
Waypoint,Calvi Merlu,LFKC/MER,43.0797,7.79306,,,PtRep,,LF,20,2023-12-09T20:04:05.783
Waypoint,Calvi Pt en Mer,LFKC/PB,42.5694,8.665,,,PtRep,,LF,20,2023-12-09T20:04:05.783
Waypoint,Calvi Pt en Mer,LFKC/NW,42.5753,8.69083,,,PtRep,,LF,20,2023-12-09T20:04:05.783
Waypoint,Calvi Punta Ricci,LFKC/W,42.5606,8.71667,,,PtRep,,LF,20,2023-12-09T20:04:05.783
Waypoint,Calvi Punta San Damiano,LFKC/E,42.6122,8.85222,,,PtRep,,LF,20,2023-12-09T20:04:05.783
Waypoint,Calvi SÈmaphore Cavallo,LFKC/S,42.5125,8.665,,,PtRep,,LF,20,2023-12-09T20:04:05.783
Waypoint,Calvi Tortu,LFKC/TOR,43.3881,8.95806,,,PtRep,,LF,20,2023-12-09T20:04:05.783
Waypoint,Calvi WC 6nm NW Punta Ricci,LFKC/WC,42.6192,8.61361,,,PtRep,,LF,20,2023-12-09T20:04:05.783
Waypoint,Cannes 1 Km Sud Cap Gros,LFMD/SB,43.5353,7.145,,,PtRep,,LF,20,2023-12-09T20:04:05.783
Waypoint,Cannes 1 Km sud Ile Saint Honorat,LFMD/SA,43.4889,7.04694,,,PtRep,,LF,20,2023-12-09T20:04:05.783
Waypoint,Cannes 1 Nm Ouest St Honorat (HÈl),LFMD/SV,43.5075,7.03167,,,PtRep,,LF,20,2023-12-09T20:04:05.783
Waypoint,Cannes 1 nm S Ph. Pte Dramont,LFMD/DR,43.3983,6.85556,,,PtRep,,LF,20,2023-12-09T20:04:05.783
Waypoint,Cannes 1 nm/SE Cap Roux,LFMD/SW,43.4358,6.935,,,PtRep,,LF,20,2023-12-09T20:04:05.783
Waypoint,Cannes Bge Var Nord Ctr Comm,LFMD/NA,43.75,7.18889,,,PtRep,,LF,20,2023-12-09T20:04:05.783
Waypoint,Cannes Ch‚teau Cagnes S M,LFMD/WA,43.6669,7.14556,,,PtRep,,LF,20,2023-12-09T20:04:05.783
Waypoint,Cannes Digue Est JetÈe SW Gare Tr (HÈl),LFMD/HE,43.5442,6.97028,,,PtRep,,LF,20,2023-12-09T20:04:05.783
Waypoint,Cannes Entre Sud Rocher R et HV,LFMD/TA,43.5367,7.00167,,,PtRep,,LF,20,2023-12-09T20:04:05.783
Waypoint,Cannes Golf sud Opio,LFMD/EW,43.66,6.98,,,PtRep,,LF,20,2023-12-09T20:04:05.783
Waypoint,Cannes JetÈe Est Port BÈal (HÈl),LFMD/HW,43.5378,6.95861,,,PtRep,,LF,20,2023-12-09T20:04:05.783
Waypoint,Cannes Ouest Phare BertÈguier (HÈl),LFMD/HV,43.5256,7.01667,,,PtRep,,LF,20,2023-12-09T20:04:05.783
Waypoint,Cannes Phare Fourmigue,LFMD/PF,43.5394,7.07778,,,PtRep,,LF,20,2023-12-09T20:04:05.783
Waypoint,Cannes Pte Sud Lac St Cassien,LFMD/WL,43.5539,6.79389,,,PtRep,,LF,20,2023-12-09T20:04:05.783
Waypoint,Cannes Rte/A8,LFMD/LC,43.5858,6.99778,,,PtRep,,LF,20,2023-12-09T20:04:05.783
Waypoint,Cannes Stade Planestel -  Sud A8,LFMD/WD,43.5211,6.80667,,,PtRep,,LF,20,2023-12-09T20:04:05.783
Waypoint,Cannes Stade Tignet,LFMD/N,43.6328,6.85306,,,PtRep,,LF,20,2023-12-09T20:04:05.783
Waypoint,Cannes W SV Sud TA,LFMD/TD,43.5056,6.99444,,,PtRep,,LF,20,2023-12-09T20:04:05.783
Waypoint,Cap de La Hague,EGJA/HAG,49.7167,-1.95,,,PtRep,,LF,20,2023-12-09T20:04:05.783
Waypoint,Carcassonne Alzonne,LFMK/WA,43.2542,2.1775,,,PtRep,,LF,20,2023-12-09T20:04:05.783
Waypoint,Carcassonne Capendu,LFMK/ES,43.185,2.55611,,,PtRep,,LF,20,2023-12-09T20:04:05.783
Waypoint,Carcassonne Conques sur Orbiel,LFMK/NC,43.2686,2.40056,,,PtRep,,LF,20,2023-12-09T20:04:05.783
Waypoint,Carcassonne Coufoullens,LFMK/SF,43.1556,2.30583,,,PtRep,,LF,20,2023-12-09T20:04:05.783
Waypoint,Carcassonne Limoux,LFMK/S,43.0544,2.21667,,,PtRep,,LF,20,2023-12-09T20:04:05.783
Waypoint,Carcassonne Prouilles,LFMK/WP,43.1936,2.055,,,PtRep,,LF,20,2023-12-09T20:04:05.783
Waypoint,Carcassonne Rieux Minervois,LFMK/EN,43.2822,2.58778,,,PtRep,,LF,20,2023-12-09T20:04:05.783
Waypoint,Carcassonne Sud MontrÈal,LFMK/WM,43.1903,2.14194,,,PtRep,,LF,20,2023-12-09T20:04:05.783
Waypoint,Carcassonne Villepinte,LFMK/W,43.2822,2.08639,,,PtRep,,LF,20,2023-12-09T20:04:05.783
Waypoint,Carpentras NE arr Planeurs,LFNH/NE,44.0364,5.09472,,,PtRep,,LF,20,2023-12-09T20:04:05.783
Waypoint,Cazaux Bassin Est Port la Mole,LFBC/NE,44.6436,-1.04833,,,PtRep,,LF,20,2023-12-09T20:04:05.783
Waypoint,Cazaux Ch. D'eau,LFBC/B,44.4872,-1.07111,,,PtRep,,LF,20,2023-12-09T20:04:05.783
Waypoint,Cazaux CimetiËre,LFBC/C,44.5306,-1.16167,,,PtRep,,LF,20,2023-12-09T20:04:05.783
Waypoint,Cazaux Est Parc du Teich,LFBC/E,44.6333,-1.00556,,,PtRep,,LF,20,2023-12-09T20:04:05.783
Waypoint,Cazaux Inter D804 - Plan d'eau (HÈl.),LFBC/A,44.5542,-1.15278,,,PtRep,,LF,20,2023-12-09T20:04:05.783
Waypoint,Cazaux Nd Dune Pyla,LFBC/W,44.5986,-1.21111,,,PtRep,,LF,20,2023-12-09T20:04:05.783
Waypoint,Cazaux Sud Dune Pyla,LFBC/WS,44.575,-1.225,,,PtRep,,LF,20,2023-12-09T20:04:05.783
Waypoint,Chalons Vatry A26 D98 VF,LFOK/S,48.6708,4.17333,,,PtRep,,LF,20,2023-12-09T20:04:05.783
Waypoint,Chalons Vatry Connantray Vaurefoy,LFOK/WA,48.7475,4.06222,,,PtRep,,LF,20,2023-12-09T20:04:05.783
Waypoint,Chalons Vatry Echangeur A26 D5,LFOK/N,48.9119,4.28611,,,PtRep,,LF,20,2023-12-09T20:04:05.783
Waypoint,Chalons Vatry Silo W Sommesous,LFOK/SW,48.735,4.19222,,,PtRep,,LF,20,2023-12-09T20:04:05.783
Waypoint,Chalons Vatry Sucrerie Connantre,LFOK/W,48.7272,3.9,,,PtRep,,LF,20,2023-12-09T20:04:05.783
Waypoint,Chalons Vatry Usine West Vatry,LFOK/N1,48.8239,4.22417,,,PtRep,,LF,20,2023-12-09T20:04:05.783
Waypoint,Chambery Aix L B Col d'Evires A410 N203,LFLB/NE,46.0447,6.2575,,,PtRep,,LF,20,2023-12-09T20:04:05.783
Waypoint,ChambÈry Aix L B Cruseilles,LFLB/N,46.0344,6.10722,,,PtRep,,LF,20,2023-12-09T20:04:05.783
Waypoint,ChambÈry Aix L B Ech des Glaisins,LFLB/E,45.9353,6.16806,,,PtRep,,LF,20,2023-12-09T20:04:05.783
Waypoint,ChambÈry Alby sur ChÈran,LFLB/ALBY,45.8167,6.02028,,,PtRep,,LF,20,2023-12-09T20:04:05.783
Waypoint,ChambÈry Belley (Rd Pt),LFLB/WB,45.7581,5.70556,,,PtRep,,LF,20,2023-12-09T20:04:05.783
Waypoint,ChambÈry Bout du Lac (Nord),LFLB/NL,45.8058,5.82889,,,PtRep,,LF,20,2023-12-09T20:04:05.783
Waypoint,ChambÈry Col du Chat,LFLB/WA,45.6928,5.84694,,,PtRep,,LF,20,2023-12-09T20:04:05.783
Waypoint,ChambÈry Col du crucifix,LFLB/SW,45.5556,5.83111,,,PtRep,,LF,20,2023-12-09T20:04:05.783
Waypoint,ChambÈry Ech. Autoroute,LFLB/SM,45.4839,6.02361,,,PtRep,,LF,20,2023-12-09T20:04:05.783
Waypoint,ChambÈry Ech. GrÈsy sur Aix,LFLB/EY,45.7142,5.92389,,,PtRep,,LF,20,2023-12-09T20:04:05.783
Waypoint,ChambÈry Ouest ZI Albanne,LFLB/SB,45.5431,5.95667,,,PtRep,,LF,20,2023-12-09T20:04:05.783
Waypoint,ChambÈry St-GÈnix sur Guiers,LFLB/WG,45.5981,5.63167,,,PtRep,,LF,20,2023-12-09T20:04:05.783
Waypoint,ChambÈry Sud Culloz (Ch. De F.),LFLB/WC,45.8431,5.77917,,,PtRep,,LF,20,2023-12-09T20:04:05.783
Waypoint,Ch‚teauroux Ablenay et RD925,LFLX/E,46.8311,1.86667,,,PtRep,,LF,20,2023-12-09T20:04:05.783
Waypoint,Ch‚teauroux Ardentes,LFLX/SE,46.7417,1.83056,,,PtRep,,LF,20,2023-12-09T20:04:05.783
Waypoint,Ch‚teauroux Ch‚t. Villegongis,LFLX/NW,46.9147,1.59861,,,PtRep,,LF,20,2023-12-09T20:04:05.783
Waypoint,Ch‚teauroux …changeur,LFLX/S,46.6994,1.58333,,,PtRep,,LF,20,2023-12-09T20:04:05.783
Waypoint,Ch‚teauroux Levroux Poste …lectr.,LFLX/N,46.9728,1.6,,,PtRep,,LF,20,2023-12-09T20:04:05.783
Waypoint,Ch‚teauroux Sud Issoudun sur D8,LFLX/NE,46.9403,1.94861,,,PtRep,,LF,20,2023-12-09T20:04:05.783
Waypoint,Ch‚teauroux Villedieux/Indre Cimet.,LFLX/W,46.8506,1.53028,,,PtRep,,LF,20,2023-12-09T20:04:05.783
Waypoint,Cherbourg Cap LÈvy,LFRC/N,49.6981,-1.47306,,,PtRep,,LF,20,2023-12-09T20:04:05.783
Waypoint,Cherbourg CC La Glacerie,LFRC/WC,49.5986,-1.595,,,PtRep,,LF,20,2023-12-09T20:04:05.783
Waypoint,Cherbourg Ch. D'eau Saussemesnil,LFRC/SB,49.5772,-1.4625,,,PtRep,,LF,20,2023-12-09T20:04:05.783
Waypoint,Cherbourg Fort de la Hougue,LFRC/SC,49.5736,-1.275,,,PtRep,,LF,20,2023-12-09T20:04:05.783
Waypoint,Cherbourg Phare Gatteville,LFRC/EC,49.6825,-1.27194,,,PtRep,,LF,20,2023-12-09T20:04:05.783
Waypoint,Cherbourg Valognes,LFRC/SU,49.5097,-1.47167,,,PtRep,,LF,20,2023-12-09T20:04:05.783
Waypoint,Clermont Fd A71 sortie Riom,LFLC/N,45.8953,3.15389,,,PtRep,,LF,20,2023-12-09T20:04:05.783
Waypoint,Clermont Fd Billom,LFLC/SB,45.7225,3.33722,,,PtRep,,LF,20,2023-12-09T20:04:05.783
Waypoint,Clermont Fd CourpiËre,LFLC/SE,45.7547,3.53833,,,PtRep,,LF,20,2023-12-09T20:04:05.783
Waypoint,Clermont Fd Ech. Champeix,LFLC/S,45.6533,3.16861,,,PtRep,,LF,20,2023-12-09T20:04:05.783
Waypoint,Clermont Fd PÈage Gerzat,LFLC/NA,45.8414,3.16028,,,PtRep,,LF,20,2023-12-09T20:04:05.783
Waypoint,Clermont Fd Pont A75 tr Cournon,LFLC/SA,45.7344,3.15306,,,PtRep,,LF,20,2023-12-09T20:04:05.783
Waypoint,Clermont Fd Puy Guillaume,LFLC/NE,45.9597,3.47417,,,PtRep,,LF,20,2023-12-09T20:04:05.783
Waypoint,Clermont Fd Puy Silos Ennezat,LFLC/NB,45.9142,3.21694,,,PtRep,,LF,20,2023-12-09T20:04:05.783
Waypoint,Clermont St J RP PÈrignat,LFHCLE/HC,45.7467,3.13667,,,PtRep,,LF,20,2023-12-09T20:04:05.783
Waypoint,Clermont St J Sortie Autor.,LFHCLE/HD,45.8056,3.15111,,,PtRep,,LF,20,2023-12-09T20:04:05.783
Waypoint,Cognac Archiac,LFBG/S,45.5236,-0.290833,,,PtRep,,LF,20,2023-12-09T20:04:05.783
Waypoint,Cognac Burie,LFBG/N,45.7722,-0.422778,,,PtRep,,LF,20,2023-12-09T20:04:05.783
Waypoint,Cognac Chadenac,LFBG/W2,45.5417,-0.4425,,,PtRep,,LF,20,2023-12-09T20:04:05.783
Waypoint,Cognac Gensac La Pallue,LFBG/E1,45.6508,-0.2525,,,PtRep,,LF,20,2023-12-09T20:04:05.783
Waypoint,Cognac Pont de Merpins,LFBG/N1,45.6856,-0.3975,,,PtRep,,LF,20,2023-12-09T20:04:05.783
Waypoint,Cognac Pt de St Brice,LFBG/NE,45.6883,-0.285,,,PtRep,,LF,20,2023-12-09T20:04:05.783
Waypoint,Cognac Roissac,LFBG/S2,45.6206,-0.282222,,,PtRep,,LF,20,2023-12-09T20:04:05.783
Waypoint,Cognac Saint Fort sur le Ne,LFBG/S1,45.5769,-0.305278,,,PtRep,,LF,20,2023-12-09T20:04:05.783
Waypoint,Cognac Salle d'Angles,LFBG/W1,45.6178,-0.332778,,,PtRep,,LF,20,2023-12-09T20:04:05.783
Waypoint,Cognac Segonzac,LFBG/E2,45.6172,-0.218889,,,PtRep,,LF,20,2023-12-09T20:04:05.783
Waypoint,CompiËgne Carrefour,LFAD/NA,49.4392,2.79361,,,PtRep,,LF,20,2023-12-09T20:04:05.783
Waypoint,CompiËgne Inter rocade,LFAD/N,49.4497,2.78722,,,PtRep,,LF,20,2023-12-09T20:04:05.783
Waypoint,Corlier W Ch‚tillon de C.,LFJD/W,46.0447,5.45556,,,PtRep,,LF,20,2023-12-09T20:04:05.783
Waypoint,Courchevel Bozel,LFLJ/N,45.4431,6.64722,,,PtRep,,LF,20,2023-12-09T20:04:05.783
Waypoint,Courchevel CarriËre CrÍte Gravelles,LFLJ/C,45.4011,6.64778,,,PtRep,,LF,20,2023-12-09T20:04:05.783
Waypoint,Courchevel Croix Dt du Villard,LFLJ/E,45.42,6.67611,,,PtRep,,LF,20,2023-12-09T20:04:05.783
Waypoint,Courchevel Moutiers,LFLJ/W,45.4847,6.52861,,,PtRep,,LF,20,2023-12-09T20:04:05.783
Waypoint,Courchevel PylÙne 7450,LFLJ/L,45.4086,6.61472,,,PtRep,,LF,20,2023-12-09T20:04:05.783
Waypoint,Creil Ech. CompiËgne Creil,LFPC/NE,49.4022,2.69778,,,PtRep,,LF,20,2023-12-09T20:04:05.783
Waypoint,Creil Inter TGV RN324,LFPC/SE,49.2231,2.75056,,,PtRep,,LF,20,2023-12-09T20:04:05.783
Waypoint,Cuers Carnoules,LFTF/CN,43.2989,6.18306,,,PtRep,,LF,20,2023-12-09T20:04:05.783
Waypoint,Cuers Collobrieres Carref 1nm W,LFTF/CO,43.2342,6.28472,,,PtRep,,LF,20,2023-12-09T20:04:05.783
Waypoint,Cuers Mont Caume (SupprimÈ),LFTF/MC,43.1872,5.90111,,,PtRep,,LF,20,2023-12-09T20:04:05.783
Waypoint,Cuers Nord Valcros,LFTF/VC,43.1917,6.28028,,,PtRep,,LF,20,2023-12-09T20:04:05.783
Waypoint,Cuers Pont SolliËs,LFTF/SL,43.1914,6.03528,,,PtRep,,LF,20,2023-12-09T20:04:05.783
Waypoint,Cuers Puget Bretelle au NE,LFTF/PV,43.2933,6.15278,,,PtRep,,LF,20,2023-12-09T20:04:05.783
Waypoint,Cuers Ste Anastasie (Tr Sud Gymnase),LFTF/SA,43.3394,6.12083,,,PtRep,,LF,20,2023-12-09T20:04:05.783
Waypoint,Cuers Tourves (Ruines ch‚teau),LFTF/TV,43.4081,5.95194,,,PtRep,,LF,20,2023-12-09T20:04:05.783
Waypoint,Dax Antenne B‚t blanc Ech. D824,LFBY/N,43.725,-1.10417,,,PtRep,,LF,20,2023-12-09T20:04:05.783
Waypoint,Dax Bec du Gave,LFBY/BG,43.5467,-1.195,,,PtRep,,LF,20,2023-12-09T20:04:05.783
Waypoint,Dax Carref. D6 1.5 km NE St-Lon les M,LFBY/S,43.6244,-1.11583,,,PtRep,,LF,20,2023-12-09T20:04:05.783
Waypoint,Dax Ch. D'eau prËs Ch. De fer,LFBY/NEA,43.7572,-1.00944,,,PtRep,,LF,20,2023-12-09T20:04:05.783
Waypoint,Dax Ch. D'eau Saubagnac,LFBY/N2,43.6981,-1.07306,,,PtRep,,LF,20,2023-12-09T20:04:05.783
Waypoint,Dax Croisement D413-Ligne HT 1.5 km W Lesgor,LFBY/NE,43.8539,-0.918889,,,PtRep,,LF,20,2023-12-09T20:04:05.783
Waypoint,Dax Gare PÈage,LFBY/W,43.6297,-1.39611,,,PtRep,,LF,20,2023-12-09T20:04:05.783
Waypoint,Dax Gare Triage 3 Km SE Laluque,LFBY/NG,43.8236,-0.966667,,,PtRep,,LF,20,2023-12-09T20:04:05.783
Waypoint,Dax Puyoo (Ch. De Fer),LFBY/SEA,43.5242,-0.909722,,,PtRep,,LF,20,2023-12-09T20:04:05.783
Waypoint,Dax Silo Inter Ch. De Fer Route Sud Mimbaste,LFBY/E,43.6428,-0.972222,,,PtRep,,LF,20,2023-12-09T20:04:05.783
Waypoint,Dax W. Orthez (sur RiviËre),LFBY/SE,43.49,-0.785556,,,PtRep,,LF,20,2023-12-09T20:04:05.783
Waypoint,De Gaulle HÈl. Est Mitry le Neuf,LFPG/RH2,48.9558,2.61528,,,PtRep,,LF,20,2023-12-09T20:04:05.783
Waypoint,De Gaulle HÈl. Inter A1 / VF,LFPG/N,49.0497,2.5475,,,PtRep,,LF,20,2023-12-09T20:04:05.783
Waypoint,De Gaulle HÈl. PÈage A1,LFPG/RH1,49.0867,2.55167,,,PtRep,,LF,20,2023-12-09T20:04:05.783
Waypoint,De Gaulle HÈl. Rd Point,LFPG/S,48.9711,2.55167,,,PtRep,,LF,20,2023-12-09T20:04:05.783
Waypoint,De Gaulle HÈl. Sud TWY B. Tr BD19,LFPG/BD19,49.0181,2.56111,,,PtRep,,LF,20,2023-12-09T20:04:05.783
Waypoint,De Gaulle HÈl. Vertic. Aire essai moteur,LFPG/EM,49.0161,2.51861,,,PtRep,,LF,20,2023-12-09T20:04:05.783
Waypoint,De Gaulle HÈl. Vertic. Bassin rÈtention. Nd TWY U,LFPG/UN,49.0003,2.55167,,,PtRep,,LF,20,2023-12-09T20:04:05.783
Waypoint,De Gaulle HÈl. Vertic. Sud T2. vert. TWY P1,LFPG/P1,49.0025,2.6025,,,PtRep,,LF,20,2023-12-09T20:04:05.783
Waypoint,Deauville Confluence Risle-Seine,LFRG/NG,49.4392,0.372778,,,PtRep,,LF,20,2023-12-09T20:04:05.783
Waypoint,Deauville CroisÈe Ligne HT,LFRG/SG,49.2147,0.216111,,,PtRep,,LF,20,2023-12-09T20:04:05.783
Waypoint,Deauville Dives-sur-Mer,LFRG/WG,49.2856,-0.102222,,,PtRep,,LF,20,2023-12-09T20:04:05.783
Waypoint,Deauville Lac pont Audemer,LFRG/EG,49.3608,0.490556,,,PtRep,,LF,20,2023-12-09T20:04:05.783
Waypoint,Deauville Lac Pont l'EvÍque,LFRG/SD,49.275,0.199167,,,PtRep,,LF,20,2023-12-09T20:04:05.783
Waypoint,Deauville Mt Canisy,LFRG/WD,49.3392,0.045,,,PtRep,,LF,20,2023-12-09T20:04:05.783
Waypoint,Deauville Sud Pt Normandie,LFRG/ED,49.4367,0.2725,,,PtRep,,LF,20,2023-12-09T20:04:05.783
Waypoint,Dinard Bge de la Rance,LFRD/NBD,48.6189,-2.02583,,,PtRep,,LF,20,2023-12-09T20:04:05.783
Waypoint,Dinard Cap FrÈhel,LFRD/NWD,48.6878,-2.31917,,,PtRep,,LF,20,2023-12-09T20:04:05.783
Waypoint,Dinard Ile de CÈzembre,LFRD/ND,48.6769,-2.07222,,,PtRep,,LF,20,2023-12-09T20:04:05.783
Waypoint,Dinard La PassagËre,LFRD/LPD,48.6,-2.01278,,,PtRep,,LF,20,2023-12-09T20:04:05.783
Waypoint,Dinard Le Guildo,LFRD/WJD,48.5725,-2.21472,,,PtRep,,LF,20,2023-12-09T20:04:05.783
Waypoint,Dinard Plancoet,LFRD/SWD,48.5219,-2.23278,,,PtRep,,LF,20,2023-12-09T20:04:05.783
Waypoint,Dinard Pont Saint Hubert,LFRD/ED,48.5369,-1.97306,,,PtRep,,LF,20,2023-12-09T20:04:05.783
Waypoint,Dinard Pte du Grouin,LFRD/NED,48.7114,-1.84306,,,PtRep,,LF,20,2023-12-09T20:04:05.783
Waypoint,DÙle Ech. Est de St-Seine en B.,LFGJ/N,47.1219,5.38111,,,PtRep,,LF,20,2023-12-09T20:04:05.783
Waypoint,DÙle Navilly (2 ponts),LFGJ/W,46.94,5.15139,,,PtRep,,LF,20,2023-12-09T20:04:05.783
Waypoint,DÙle Parcey,LFGJ/S,47.0231,5.48444,,,PtRep,,LF,20,2023-12-09T20:04:05.783
Waypoint,DÙle Pierre de Bresse,LFGJ/SW,46.8828,5.25278,,,PtRep,,LF,20,2023-12-09T20:04:05.783
Waypoint,DÙle TasseniËres,LFGJ/SE,46.9222,5.51389,,,PtRep,,LF,20,2023-12-09T20:04:05.783
Waypoint,Etain Abaucourt Hautecourt,LFQE/W1,49.1961,5.54028,,,PtRep,,LF,20,2023-12-09T20:04:05.783
Waypoint,Etain Bechamps,LFQE/E,49.2092,5.73972,,,PtRep,,LF,20,2023-12-09T20:04:05.783
Waypoint,Etain Etang Doncourt,LFQE/S,49.06,5.71194,,,PtRep,,LF,20,2023-12-09T20:04:05.783
Waypoint,Etain Foamex Ornel,LFQE/W,49.2319,5.60667,,,PtRep,,LF,20,2023-12-09T20:04:05.783
Waypoint,Etain Pont sur l'Orne,LFQE/E1,49.1611,5.82389,,,PtRep,,LF,20,2023-12-09T20:04:05.783
Waypoint,Etain Silo Spincourt,LFQE/N,49.3278,5.66833,,,PtRep,,LF,20,2023-12-09T20:04:05.783
Waypoint,Evreux Breuil Station Ep.,LFOE/HS,49.0142,1.24583,,,PtRep,,LF,20,2023-12-09T20:04:05.783
Waypoint,Evreux CaÎr,LFOE/N,49.0669,1.175,,,PtRep,,LF,20,2023-12-09T20:04:05.783
Waypoint,Evreux Conches en Ouche,LFOE/WC,48.95,0.95,,,PtRep,,LF,20,2023-12-09T20:04:05.783
Waypoint,Evreux Damville …tang,LFOE/WD,48.875,1.08333,,,PtRep,,LF,20,2023-12-09T20:04:05.783
Waypoint,Evreux Ecardenville,LFOE/EW,49.1261,0.870278,,,PtRep,,LF,20,2023-12-09T20:04:05.783
Waypoint,Evreux Ech. Chaufour,LFOE/EE,49.0219,1.4875,,,PtRep,,LF,20,2023-12-09T20:04:05.783
Waypoint,Evreux Ech. N154/D833,LFOE/S2,48.8875,1.16667,,,PtRep,,LF,20,2023-12-09T20:04:05.783
Waypoint,Evreux Est Andelys Ch. Gaillard,LFOE/EG,49.2378,1.40472,,,PtRep,,LF,20,2023-12-09T20:04:05.783
Waypoint,Evreux Heudebouville,LFOE/EN,49.1933,1.24861,,,PtRep,,LF,20,2023-12-09T20:04:05.783
Waypoint,Evreux Huest,LFOE/HN,49.0369,1.20417,,,PtRep,,LF,20,2023-12-09T20:04:05.783
Waypoint,Evreux Jonction Ligne HT,LFOE/WS,48.8472,1.21667,,,PtRep,,LF,20,2023-12-09T20:04:05.783
Waypoint,Evreux Le Neubourg Hippodr.,LFOE/WN,49.1361,0.902778,,,PtRep,,LF,20,2023-12-09T20:04:05.783
Waypoint,Evreux Louviers (PÈage),LFOE/EL,49.2472,1.18056,,,PtRep,,LF,20,2023-12-09T20:04:05.783
Waypoint,Evreux Nonancourt,LFOE/ES,48.7789,1.19444,,,PtRep,,LF,20,2023-12-09T20:04:05.783
Waypoint,Evreux Prey,LFOE/S1,48.9617,1.21222,,,PtRep,,LF,20,2023-12-09T20:04:05.783
Waypoint,Evreux Tourny Distillerie,LFOE/ET,49.1778,1.54444,,,PtRep,,LF,20,2023-12-09T20:04:05.783
Waypoint,Figari 1Nm N Barrage Figari,LFKF/BF,41.4733,9.15,,,PtRep,,LF,20,2023-12-09T20:04:05.783
Waypoint,Figari Capo Di Feno,LFKF/SAF,41.3922,9.09861,,,PtRep,,LF,20,2023-12-09T20:04:05.783
Waypoint,Figari Giannuccio,LFKF/NWF,41.5647,9.04139,,,PtRep,,LF,20,2023-12-09T20:04:05.783
Waypoint,Figari Lac OspÈdale (Est),LFKF/NF,41.6667,9.20833,,,PtRep,,LF,20,2023-12-09T20:04:05.783
Waypoint,Figari Ph. De la Madonetta,LFKF/SF,41.3869,9.14444,,,PtRep,,LF,20,2023-12-09T20:04:05.783
Waypoint,Figari Pt du Cavu,LFKF/NEF,41.7228,9.29917,,,PtRep,,LF,20,2023-12-09T20:04:05.783
Waypoint,Figari Punta Di a Chiappa,LFKF/EAF,41.5925,9.37222,,,PtRep,,LF,20,2023-12-09T20:04:05.783
Waypoint,Figari Punta di Rondinara,LFKF/EF,41.4642,9.27722,,,PtRep,,LF,20,2023-12-09T20:04:05.783
Waypoint,Figari Tour d'Olmeto,LFKF/WAF,41.4753,8.98417,,,PtRep,,LF,20,2023-12-09T20:04:05.783
Waypoint,Figari Tour de Roccapina,LFKF/WF,41.4956,8.92889,,,PtRep,,LF,20,2023-12-09T20:04:05.783
Waypoint,Figari Tr de FautÈa,LFKF/AS,41.7139,9.40972,,,PtRep,,LF,20,2023-12-09T20:04:05.783
Waypoint,Francazal Pinsaguel (PONTS),LFBF/SEA,43.5117,1.3875,,,PtRep,,LF,20,2023-12-09T20:04:05.783
Waypoint,Francazal Venerque,LFBF/SE,43.4333,1.4425,,,PtRep,,LF,20,2023-12-09T20:04:05.783
Waypoint,Gap Barrage Curbans,LFNA/S1,44.4208,6.02028,,,PtRep,,LF,20,2023-12-09T20:04:05.783
Waypoint,Gap Carrefour Est Tallard,LFNA/E1,44.4794,6.08333,,,PtRep,,LF,20,2023-12-09T20:04:05.783
Waypoint,Gap Pont Durance,LFNA/S,44.3803,5.94556,,,PtRep,,LF,20,2023-12-09T20:04:05.783
Waypoint,Gap Sud Remollon,LFNA/E,44.4678,6.16778,,,PtRep,,LF,20,2023-12-09T20:04:05.783
Waypoint,Gap Viaduc,LFNA/N,44.5408,6.03528,,,PtRep,,LF,20,2023-12-09T20:04:05.783
Waypoint,Grenoble Champier circuit,LFLS/N,45.4689,5.2975,,,PtRep,,LF,20,2023-12-09T20:04:05.783
Waypoint,Grenoble Lac Sud Roybon,LFLS/S,45.2517,5.24639,,,PtRep,,LF,20,2023-12-09T20:04:05.783
Waypoint,Grenoble Nord Lac Paladru,LFLS/PU,45.4719,5.55583,,,PtRep,,LF,20,2023-12-09T20:04:05.783
Waypoint,Grenoble Nord Voreppe,LFLS/SE,45.3097,5.6175,,,PtRep,,LF,20,2023-12-09T20:04:05.783
Waypoint,Grenoble Rd Point Dev Beaurepaire,LFLS/W,45.3239,5.05361,,,PtRep,,LF,20,2023-12-09T20:04:05.783
Waypoint,Grenoble Sud Lac de Paladru,LFLS/NE,45.4478,5.52389,,,PtRep,,LF,20,2023-12-09T20:04:05.783
Waypoint,Grenoble Tr Est Voiron,LFLS/VN,45.3603,5.625,,,PtRep,,LF,20,2023-12-09T20:04:05.783
Waypoint,Grenoble Tunnel TGV,LFLS/NW,45.445,5.0325,,,PtRep,,LF,20,2023-12-09T20:04:05.783
Waypoint,Habsheim Entr. Ech. A35/A36,LFGB/NH,47.7792,7.40694,,,PtRep,,LF,20,2023-12-09T20:04:05.783
Waypoint,Habsheim Entr. Tr. Sud Antenne,LFGB/WH,47.7306,7.35,,,PtRep,,LF,20,2023-12-09T20:04:05.783
Waypoint,Habsheim Sortie Autoroute forÍt,LFGB/EH,47.7792,7.49167,,,PtRep,,LF,20,2023-12-09T20:04:05.783
Waypoint,Habsheim Sortie Sud Bruebach,LFGB/SH,47.6944,7.35833,,,PtRep,,LF,20,2023-12-09T20:04:05.783
Waypoint,HyËres 1 NM Sud Cap de l'Aigle,LFTH/WT,43.1442,5.60444,,,PtRep,,LF,20,2023-12-09T20:04:05.783
Waypoint,HyËres Cap de Leoube,LFTH/CL,43.1103,6.29472,,,PtRep,,LF,20,2023-12-09T20:04:05.783
Waypoint,HyËres Cap Lardier,LFTH/ET,43.1614,6.61806,,,PtRep,,LF,20,2023-12-09T20:04:05.783
Waypoint,HyËres Cap Sicie,LFTH/PT,43.0417,5.81667,,,PtRep,,LF,20,2023-12-09T20:04:05.783
Waypoint,HyËres Chap. de Gendarme,LFTH/DG,43.1578,6.18361,,,PtRep,,LF,20,2023-12-09T20:04:05.783
Waypoint,HyËres Mont Caume OBSOLETE,LFTH/MC,43.1872,5.90111,,,PtRep,,LF,20,2023-12-09T20:04:05.783
Waypoint,HyËres Mont Redon,LFTH/MR,43.1628,6.11583,,,PtRep,,LF,20,2023-12-09T20:04:05.783
Waypoint,HyËres Pte de Carqueiranne,LFTH/PC,43.0706,6.02167,,,PtRep,,LF,20,2023-12-09T20:04:05.783
Waypoint,HyËres Sud Cap Benat,LFTH/BT,43.08,6.39583,,,PtRep,,LF,20,2023-12-09T20:04:05.783
Waypoint,HyËres Sud Porquerolles,LFTH/CT,42.9642,6.23889,,,PtRep,,LF,20,2023-12-09T20:04:05.783
Waypoint,HyËres Valcros,LFTH/VC,43.1917,6.28028,,,PtRep,,LF,20,2023-12-09T20:04:05.783
Waypoint,Istres 0.8 nm Tr Sud Stes Maries DLM,LFMI/SB,43.4397,4.42306,,,PtRep,,LF,20,2023-12-09T20:04:05.783
Waypoint,Istres 1 Km W Cap Croisette,LFMI/SC,43.2106,5.30194,,,PtRep,,LF,20,2023-12-09T20:04:05.783
Waypoint,Istres 1 NM W Cap Croisette,LFMI/MLSC,43.2106,5.30194,,,PtRep,,LF,20,2023-12-09T20:04:05.783
Waypoint,Istres Autodrome Miramas,LFMI/NE,43.5792,4.97694,,,PtRep,,LF,20,2023-12-09T20:04:05.783
Waypoint,Istres La Samatane carrefour,LFMI/N5,43.6414,4.91667,,,PtRep,,LF,20,2023-12-09T20:04:05.783
Waypoint,Istres Martigues,LFMI/W2,43.4072,5.0575,,,PtRep,,LF,20,2023-12-09T20:04:05.783
Waypoint,Istres Mas Thibert,LFMI/NW1,43.5564,4.72056,,,PtRep,,LF,20,2023-12-09T20:04:05.783
Waypoint,Istres Ouest Salin de Giraud,LFMI/SG,43.4144,4.68972,,,PtRep,,LF,20,2023-12-09T20:04:05.783
Waypoint,Istres Saint Mitre les Remparts,LFMI/S3,43.4572,5.03222,,,PtRep,,LF,20,2023-12-09T20:04:05.783
Waypoint,Istres St Hyppolyte,LFMI/NW,43.6458,4.74944,,,PtRep,,LF,20,2023-12-09T20:04:05.783
Waypoint,Istres Sud Carro,LFMI/SW,43.3244,5.04167,,,PtRep,,LF,20,2023-12-09T20:04:05.783
Waypoint,Istres Sud Carry Le Rouet,LFMI/S,43.3244,5.17222,,,PtRep,,LF,20,2023-12-09T20:04:05.783
Waypoint,Istres Tr Est le Radeau,LFMI/W3,43.4817,4.8025,,,PtRep,,LF,20,2023-12-09T20:04:05.783
Waypoint,Istres Tr le Gd Mas,LFMI/N4,43.5861,4.88306,,,PtRep,,LF,20,2023-12-09T20:04:05.783
Waypoint,Istres Travers Sud Port St Louis du Rh,LFMI/SD,43.3753,4.82972,,,PtRep,,LF,20,2023-12-09T20:04:05.783
Waypoint,Istres Vert Etg Levalduc,LFMI/S4,43.4642,4.98583,,,PtRep,,LF,20,2023-12-09T20:04:05.783
Waypoint,L'Alpe d'Huez Col de Cluy,LFHU/S,45.075,6.10417,,,PtRep,,LF,20,2023-12-09T20:04:05.783
Waypoint,L'Alpe d'Huez Col de Sarenne,LFHU/E,45.0833,6.13333,,,PtRep,,LF,20,2023-12-09T20:04:05.783
Waypoint,L'Alpe d'Huez La Paute,LFHU/W,45.075,6.02222,,,PtRep,,LF,20,2023-12-09T20:04:05.783
Waypoint,L'Alpe d'Huez Lac Chambon,LFHU/SE,45.0444,6.01944,,,PtRep,,LF,20,2023-12-09T20:04:05.783
Waypoint,La Mole Cap Lardier,LFTZ/ET,43.1614,6.61806,,,PtRep,,LF,20,2023-12-09T20:04:05.783
Waypoint,La Mole Cavalaire,LFTZ/E,43.1647,6.525,,,PtRep,,LF,20,2023-12-09T20:04:05.783
Waypoint,La Mole Ouest Digue SE Grimaud,LFTZ/EM,43.2639,6.59278,,,PtRep,,LF,20,2023-12-09T20:04:05.783
Waypoint,La Motte Nord Cornillon + Lac,LFJE/S,44.4619,5.36528,,,PtRep,,LF,20,2023-12-09T20:04:05.783
Waypoint,La Motte Tr Est Chalancon,LFJE/NW,44.5139,5.35056,,,PtRep,,LF,20,2023-12-09T20:04:05.783
Waypoint,La Rochelle Charron,LFBH/N,46.295,-1.10639,,,PtRep,,LF,20,2023-12-09T20:04:05.783
Waypoint,La Rochelle Hippodrome,LFBH/S,46.0756,-1.07667,,,PtRep,,LF,20,2023-12-09T20:04:05.783
Waypoint,La Rochelle La Pelle,LFBH/NA,46.2344,-1.15972,,,PtRep,,LF,20,2023-12-09T20:04:05.783
Waypoint,La Rochelle Saint Xandre,LFBH/EA,46.205,-1.10222,,,PtRep,,LF,20,2023-12-09T20:04:05.783
Waypoint,La Rochelle Usseau RP N137 N11,LFBH/E,46.2025,-1.02778,,,PtRep,,LF,20,2023-12-09T20:04:05.783
Waypoint,La Rochelle Virages RN137,LFBH/SA,46.1214,-1.11,,,PtRep,,LF,20,2023-12-09T20:04:05.783
Waypoint,Landivisiau Kerdroc Croisement,LFRJ/NWL,48.6103,-4.37889,,,PtRep,,LF,20,2023-12-09T20:04:05.783
Waypoint,Landivisiau Lampaul Guimiliau,LFRJ/SEL,48.4944,-4.04167,,,PtRep,,LF,20,2023-12-09T20:04:05.783
Waypoint,Landivisiau Saint Pol de LÈon,LFRJ/NEL,48.6806,-3.99722,,,PtRep,,LF,20,2023-12-09T20:04:05.783
Waypoint,Landivisiau Saint Thegonnec,LFRJ/EL,48.5222,-3.94444,,,PtRep,,LF,20,2023-12-09T20:04:05.783
Waypoint,Landivisiau Sud Ant. Pencran,LFRJ/SWL,48.4167,-4.2,,,PtRep,,LF,20,2023-12-09T20:04:05.783
Waypoint,Lannion Ploulec'h,LFRO/S,48.7169,-3.50528,,,PtRep,,LF,20,2023-12-09T20:04:05.783
Waypoint,Lannion Ploulec'h,LFRO/OL,48.7169,-3.50528,,,PtRep,,LF,20,2023-12-09T20:04:05.783
Waypoint,Lannion Rd Point,LFRO/OP,48.7956,-3.44306,,,PtRep,,LF,20,2023-12-09T20:04:05.783
Waypoint,Le Bourget Ch. Eau Montfermeil,LFPB/E1,48.8986,2.55722,,,PtRep,,LF,20,2023-12-09T20:04:05.783
Waypoint,Le Bourget Inter A3 E15,LFPB/E2,48.9322,2.48083,,,PtRep,,LF,20,2023-12-09T20:04:05.783
Waypoint,Le Bourget Jonction N1 N16,LFPB/W2,48.9742,2.36583,,,PtRep,,LF,20,2023-12-09T20:04:05.783
Waypoint,Le Bourget Patte d'Oie Herblay,LFPB/W1,49.0014,2.185,,,PtRep,,LF,20,2023-12-09T20:04:05.783
Waypoint,Le Luc - Lorgues (D10-D48/Hte Tens.),LFMC/NL,43.4667,6.38833,,,PtRep,,LF,20,2023-12-09T20:04:05.783
Waypoint,Le Luc Centr. Electr. Entraygues,LFMC/NC,43.4208,6.38333,,,PtRep,,LF,20,2023-12-09T20:04:05.783
Waypoint,Le Luc DÈcheterie Thoronet (Sortie),LFMC/UB,43.4131,6.34889,,,PtRep,,LF,20,2023-12-09T20:04:05.783
Waypoint,Le Luc Draguignan (PylÙne),LFMC/DG,43.5583,6.46139,,,PtRep,,LF,20,2023-12-09T20:04:05.783
Waypoint,Le Luc Gonfaron (Pont),LFMC/SW,43.3181,6.29861,,,PtRep,,LF,20,2023-12-09T20:04:05.783
Waypoint,Le Luc La Garde Freynet (Tour),LFMC/SE,43.3211,6.46389,,,PtRep,,LF,20,2023-12-09T20:04:05.783
Waypoint,Le Luc Le Cannet NE Golf Valcros,LFMC/VC,43.1917,6.28028,,,PtRep,,LF,20,2023-12-09T20:04:05.783
Waypoint,Le Luc Les Arcs (Pont Echangeur),LFMC/NE,43.45,6.4925,,,PtRep,,LF,20,2023-12-09T20:04:05.783
Waypoint,Le Luc Montmeyan (Tr N LycÈe),LFMC/MY,43.6464,6.06361,,,PtRep,,LF,20,2023-12-09T20:04:05.783
Waypoint,Le Luc Pt d'Argens,LFMC/NW,43.4667,6.3125,,,PtRep,,LF,20,2023-12-09T20:04:05.783
Waypoint,Le Luc Puyloubier (Ch‚teau),LFMC/PL,43.5222,5.70306,,,PtRep,,LF,20,2023-12-09T20:04:05.783
Waypoint,Le Luc Rd Pt Barjols,LFMC/BJ,43.5606,6.01028,,,PtRep,,LF,20,2023-12-09T20:04:05.783
Waypoint,Le Luc Sainte Anastasie (tr Sud Gymn.),LFMC/SA,43.3394,6.12083,,,PtRep,,LF,20,2023-12-09T20:04:05.783
Waypoint,Le Luc Tourves (ruine Ch.),LFMC/TV,43.4081,5.91861,,,PtRep,,LF,20,2023-12-09T20:04:05.783
Waypoint,Le Touquet Etangs Marles,LFAT/E,50.4389,1.83944,,,PtRep,,LF,20,2023-12-09T20:04:05.783
Waypoint,Le Touquet Inter VF/Rte Sud SAMER,LFAT/NE,50.6333,1.74778,,,PtRep,,LF,20,2023-12-09T20:04:05.783
Waypoint,Le Touquet Ligne HT Canche,LFAT/EA,50.4931,1.71389,,,PtRep,,LF,20,2023-12-09T20:04:05.783
Waypoint,Le Touquet Nord Plage Ste CÈcile,LFAT/NB,50.5792,1.57722,,,PtRep,,LF,20,2023-12-09T20:04:05.783
Waypoint,Le Touquet Phare Boulogne,LFAT/N,50.7403,1.5675,,,PtRep,,LF,20,2023-12-09T20:04:05.783
Waypoint,Le Touquet Plage de Hardelot,LFAT/NA,50.6347,1.57694,,,PtRep,,LF,20,2023-12-09T20:04:05.783
Waypoint,Le Touquet Rang du Fliers,LFAT/S,50.4194,1.65,,,PtRep,,LF,20,2023-12-09T20:04:05.783
Waypoint,LÈocadie Chapelle de Nahuja,LFYS/SW,42.425,1.99361,,,PtRep,,LF,20,2023-12-09T20:04:05.783
Waypoint,LÈocadie CÙte 1 557 m (ERR/LIO),LFYS/E,42.4456,2.04889,,,PtRep,,LF,20,2023-12-09T20:04:05.783
Waypoint,LÈocadie Pont/VF,LFYS/N,42.4708,2.03361,,,PtRep,,LF,20,2023-12-09T20:04:05.783
Waypoint,LÈocadie Rd-Pt D68/630,LFYS/W,42.4508,1.955,,,PtRep,,LF,20,2023-12-09T20:04:05.783
Waypoint,Lessay Saint Germain WNW AD,LFOMSG,49.2417,-1.63306,,,PtRep,,LF,20,2023-12-09T20:04:05.783
Waypoint,Lille Ch. Rd Point Nd GOLF,LFQQ/SA,50.5183,3.13361,,,PtRep,,LF,20,2023-12-09T20:04:05.783
Waypoint,Lille Ech. A23 D938,LFQQ/SE,50.4711,3.22778,,,PtRep,,LF,20,2023-12-09T20:04:05.783
Waypoint,Lille Echangeur A25 TGV,LFQQ/N,50.6453,2.92917,,,PtRep,,LF,20,2023-12-09T20:04:05.783
Waypoint,Lille Pt A1 TGV Canal Deule,LFQQ/SW,50.4572,2.97139,,,PtRep,,LF,20,2023-12-09T20:04:05.783
Waypoint,Lille SNCF Canal sud La BassÈe,LFQQ/W,50.5228,2.79306,,,PtRep,,LF,20,2023-12-09T20:04:05.783
Waypoint,Lille Vert. Golf (Attente),LFQQ/NG,50.6031,3.11333,,,PtRep,,LF,20,2023-12-09T20:04:05.783
Waypoint,Limoges CarriËre,LFBL/SA,45.7667,1.23944,,,PtRep,,LF,20,2023-12-09T20:04:05.783
Waypoint,Limoges CarriËre Nd Vienne,LFBL/WA,45.8667,1.08333,,,PtRep,,LF,20,2023-12-09T20:04:05.783
Waypoint,Limoges Echangeur,LFBL/EA,45.895,1.29389,,,PtRep,,LF,20,2023-12-09T20:04:05.783
Waypoint,Limoges Oradour Glane,LFBL/NW,45.9333,1.03333,,,PtRep,,LF,20,2023-12-09T20:04:05.783
Waypoint,Limoges Saint Priest Taurion,LFBL/E,45.8833,1.4,,,PtRep,,LF,20,2023-12-09T20:04:05.783
Waypoint,Limoges Saint Victurnien,LFBL/W,45.8833,1.01667,,,PtRep,,LF,20,2023-12-09T20:04:05.783
Waypoint,Limoges Solignac,LFBL/S,45.7556,1.27778,,,PtRep,,LF,20,2023-12-09T20:04:05.783
Waypoint,Lognes tr. N. Ferrieres,LFPL/E,48.83,2.70611,,,PtRep,,LF,20,2023-12-09T20:04:05.783
Waypoint,Lorient Anse Port Louis,LFRH/EL,47.7194,-3.34722,,,PtRep,,LF,20,2023-12-09T20:04:05.783
Waypoint,Lorient Auray Echangeur,LFRH/A,47.6828,-3.02333,,,PtRep,,LF,20,2023-12-09T20:04:05.783
Waypoint,Lorient Carref. Saint SÈverin,LFRH/NL,47.83,-3.3375,,,PtRep,,LF,20,2023-12-09T20:04:05.783
Waypoint,Lorient Carrefour W. Plouay,LFRH/N,47.9167,-3.34722,,,PtRep,,LF,20,2023-12-09T20:04:05.783
Waypoint,Lorient Clohars Carnoet,LFRH/WL,47.8,-3.58333,,,PtRep,,LF,20,2023-12-09T20:04:05.783
Waypoint,Lorient Ech Guidel N165,LFRH/NG,47.8058,-3.45917,,,PtRep,,LF,20,2023-12-09T20:04:05.783
Waypoint,Lorient Ech. N24. W Baud,LFRH/NE,47.8692,-3.02944,,,PtRep,,LF,20,2023-12-09T20:04:05.783
Waypoint,Lorient Pont Aven,LFRH/W,47.8583,-3.75,,,PtRep,,LF,20,2023-12-09T20:04:05.783
Waypoint,Lorient Pont Lorois,LFRH/E,47.6764,-3.2,,,PtRep,,LF,20,2023-12-09T20:04:05.783
Waypoint,Lorient Port Tudy (Groix),LFRH/S,47.6444,-3.45,,,PtRep,,LF,20,2023-12-09T20:04:05.783
Waypoint,Lorient Pt VF SE QuimperlÈ,LFRH/NW,47.8653,-3.54167,,,PtRep,,LF,20,2023-12-09T20:04:05.783
Waypoint,Lorient Pte du Talut,LFRH/SL,47.6972,-3.45,,,PtRep,,LF,20,2023-12-09T20:04:05.783
Waypoint,Luxeuil Bains les Bains,LFSX/WN,48.0028,6.26667,,,PtRep,,LF,20,2023-12-09T20:04:05.783
Waypoint,Luxeuil Brotte,LFSX/S1,47.7564,6.34694,,,PtRep,,LF,20,2023-12-09T20:04:05.783
Waypoint,Luxeuil Faverney,LFSX/W,47.7667,6.10417,,,PtRep,,LF,20,2023-12-09T20:04:05.783
Waypoint,Luxeuil Frotey les Lure,LFSX/SE,47.6556,6.55417,,,PtRep,,LF,20,2023-12-09T20:04:05.783
Waypoint,Luxeuil Nd Luxeuil Ville,LFSX/N1,47.8297,6.37722,,,PtRep,,LF,20,2023-12-09T20:04:05.783
Waypoint,Luxeuil Pomoy,LFSX/SP,47.6639,6.35278,,,PtRep,,LF,20,2023-12-09T20:04:05.783
Waypoint,Luxeuil Port sur SaÙne,LFSX/WS,47.6889,6.04722,,,PtRep,,LF,20,2023-12-09T20:04:05.783
Waypoint,Luxeuil Saulx,LFSX/S,47.6944,6.28056,,,PtRep,,LF,20,2023-12-09T20:04:05.783
Waypoint,Luxeuil W Fougerolles,LFSX/N,47.8875,6.3875,,,PtRep,,LF,20,2023-12-09T20:04:05.783
Waypoint,Lyon Bron Barrage de Couzon,LFLY/NW,45.845,4.83333,,,PtRep,,LF,20,2023-12-09T20:04:05.783
Waypoint,Lyon Bron Echg Chasse,LFLY/S,45.5897,4.79667,,,PtRep,,LF,20,2023-12-09T20:04:05.783
Waypoint,Lyon Bron G.Triage St Germain,LFLY/N,45.8919,4.80111,,,PtRep,,LF,20,2023-12-09T20:04:05.783
Waypoint,Lyon Bron Gare Triage FEYZIN,LFLY/SA,45.6497,4.84056,,,PtRep,,LF,20,2023-12-09T20:04:05.783
Waypoint,Lyon Bron Inter A6 TGV N83,LFLY/NA,45.8569,4.91333,,,PtRep,,LF,20,2023-12-09T20:04:05.783
Waypoint,Lyon Bron Rd Pt Ouest Satolas,LFLY/TW,45.7169,5.07056,,,PtRep,,LF,20,2023-12-09T20:04:05.783
Waypoint,Lyon Bron Rd Pt SE Genas,LFLY/MS,45.7233,5.02333,,,PtRep,,LF,20,2023-12-09T20:04:05.783
Waypoint,Lyon St-Ex Barrage Crouzon,LFLL/NW,45.845,4.83333,,,PtRep,,LF,20,2023-12-09T20:04:05.783
Waypoint,Lyon St-Ex Ech Chasse,LFLL/S,45.5897,4.79667,,,PtRep,,LF,20,2023-12-09T20:04:05.783
Waypoint,Lyon St-Ex Gare triage Saint G,LFLL/N,45.8919,4.80111,,,PtRep,,LF,20,2023-12-09T20:04:05.783
Waypoint,Lyon St-Ex Inter A46 TGV N83,LFLL/NA,45.8569,4.91333,,,PtRep,,LF,20,2023-12-09T20:04:05.783
Waypoint,Lyon St-Ex Rd Pt de l'Europe,LFLL/TW,45.7169,5.07056,,,PtRep,,LF,20,2023-12-09T20:04:05.783
Waypoint,Lyon St-Ex Rd Pt SE Genas,LFLL/MS,45.7233,5.02333,,,PtRep,,LF,20,2023-12-09T20:04:05.783
Waypoint,Lyon St-Ex Rd Pt W Cremieu,LFLL/EA,45.7231,5.22972,,,PtRep,,LF,20,2023-12-09T20:04:05.783
Waypoint,Lyon St-Ex Stade Chavagneux,LFLL/MC,45.7292,5.15389,,,PtRep,,LF,20,2023-12-09T20:04:05.783
Waypoint,Lyon St-Ex Tr. Est Saugnieu,LFLL/TE,45.725,5.115,,,PtRep,,LF,20,2023-12-09T20:04:05.783
Waypoint,Lyon St-Gare Triage FEYZIN,LFLL/SA,45.6497,4.84056,,,PtRep,,LF,20,2023-12-09T20:04:05.783
Waypoint,Marseille 1 NM W Cap Croisette,LFML/SC,43.2106,5.30194,,,PtRep,,LF,20,2023-12-09T20:04:05.783
Waypoint,Marseille Carref Est Pennes Mir,LFML/EB,43.4106,5.32472,,,PtRep,,LF,20,2023-12-09T20:04:05.783
Waypoint,Marseille Ch. De Cabanne,LFML/CB,43.6269,5.40472,,,PtRep,,LF,20,2023-12-09T20:04:05.783
Waypoint,Marseille Ech Sud CabriËs,LFML/EA,43.4314,5.38444,,,PtRep,,LF,20,2023-12-09T20:04:05.783
Waypoint,Marseille Est Ch les Martigues,LFML/SA,43.3742,5.18806,,,PtRep,,LF,20,2023-12-09T20:04:05.783
Waypoint,Marseille …tang/Canal,LFML/SB,43.4075,5.18472,,,PtRep,,LF,20,2023-12-09T20:04:05.783
Waypoint,Marseille Radar Vitrolles,LFML/NB,43.4714,5.24222,,,PtRep,,LF,20,2023-12-09T20:04:05.783
Waypoint,Marseille Saint Cannat-La Pile,LFML/LP,43.6164,5.315,,,PtRep,,LF,20,2023-12-09T20:04:05.783
Waypoint,Marseille Sud Carro (CTR Istres),LFML/SW,43.3244,5.04167,,,PtRep,,LF,20,2023-12-09T20:04:05.783
Waypoint,Marseille Sud Carry Le Rouet,LFML/S,43.3244,5.17222,,,PtRep,,LF,20,2023-12-09T20:04:05.783
Waypoint,Marseille Terril SW Gardanne,LFML/E,43.44,5.45167,,,PtRep,,LF,20,2023-12-09T20:04:05.783
Waypoint,Marseille Ventabren A8/D19,LFML/NA,43.555,5.28389,,,PtRep,,LF,20,2023-12-09T20:04:05.783
Waypoint,Megeve Nov 5 600 AMSL,LFHM/N,45.8444,6.62083,,,PtRep,,LF,20,2023-12-09T20:04:05.783
Waypoint,Melun A6 RN191 + VF,LFPM/B,48.5714,2.46889,,,PtRep,,LF,20,2023-12-09T20:04:05.783
Waypoint,Melun Chartrettes Nd Seine,LFPM/SM,48.4867,2.70194,,,PtRep,,LF,20,2023-12-09T20:04:05.783
Waypoint,Melun TGV Triangle,LFPM/N,48.6942,2.72056,,,PtRep,,LF,20,2023-12-09T20:04:05.783
Waypoint,Meribel Moutiers,LFKX/MOU,45.4833,6.53333,,,PtRep,,LF,20,2023-12-09T20:04:05.783
Waypoint,Merville Ant 2nm sud Steenv,LFQT/N,50.7753,2.56389,,,PtRep,,LF,20,2023-12-09T20:04:05.783
Waypoint,Merville Ch. d'eau Est Estaires,LFQT/EA,50.6408,2.745,,,PtRep,,LF,20,2023-12-09T20:04:05.783
Waypoint,Merville Ch. La Motte,LFQT/NA,50.6833,2.57083,,,PtRep,,LF,20,2023-12-09T20:04:05.783
Waypoint,Merville Ech. LiÈvin,LFQT/S,50.4353,2.70417,,,PtRep,,LF,20,2023-12-09T20:04:05.783
Waypoint,Merville Ech. W ArmentiËres,LFQT/NE,50.6839,2.84333,,,PtRep,,LF,20,2023-12-09T20:04:05.783
Waypoint,Merville MÈmorial Inter RD171/RD947,LFQT/EB,50.5753,2.775,,,PtRep,,LF,20,2023-12-09T20:04:05.783
Waypoint,Merville Rd-Pt NE BÈthune,LFQT/SA,50.5411,2.65056,,,PtRep,,LF,20,2023-12-09T20:04:05.783
Waypoint,Merville RD19/Lys,LFQT/WA,50.6264,2.55111,,,PtRep,,LF,20,2023-12-09T20:04:05.783
Waypoint,Merville Silos Est Aire sur La Lys,LFQT/W,50.6461,2.40806,,,PtRep,,LF,20,2023-12-09T20:04:05.783
Waypoint,Metz Fr Ars s Moselle Etang,LFSF/NW,49.0781,6.07417,,,PtRep,,LF,20,2023-12-09T20:04:05.783
Waypoint,Metz Fr Hombourg Budange,LFSF/N2,49.2958,6.34306,,,PtRep,,LF,20,2023-12-09T20:04:05.783
Waypoint,Metz Fr Mars La Tour,LFSF/W,49.0989,5.88889,,,PtRep,,LF,20,2023-12-09T20:04:05.783
Waypoint,Metz Fr Peltre Rte + VF,LFSF/NE,49.0758,6.22333,,,PtRep,,LF,20,2023-12-09T20:04:05.783
Waypoint,Metz Fr Pt ‡ Mousson Zone,LFSF/SW,48.8836,6.06139,,,PtRep,,LF,20,2023-12-09T20:04:05.783
Waypoint,Metz Fr Verny,LFSF/M,49.0067,6.20556,,,PtRep,,LF,20,2023-12-09T20:04:05.783
Waypoint,Metz Fr Vigy EdF,LFSF/N1,49.1986,6.27917,,,PtRep,,LF,20,2023-12-09T20:04:05.783
Waypoint,Metz Maizieres les Metz Stade,LFSF/MLM,49.2153,6.16389,,,PtRep,,LF,20,2023-12-09T20:04:05.783
Waypoint,Metz NL Ars Sur Moselle,LFJL/NW,49.0781,6.07417,,,PtRep,,LF,20,2023-12-09T20:04:05.783
Waypoint,Metz NL Champenoux,LFJL/S,48.7417,6.35139,,,PtRep,,LF,20,2023-12-09T20:04:05.783
Waypoint,Metz NL Fresnes en Saulnois,LFJL/SE,48.8472,6.45417,,,PtRep,,LF,20,2023-12-09T20:04:05.783
Waypoint,Metz NL Han sur Nied,LFJL/E,48.99,6.43528,,,PtRep,,LF,20,2023-12-09T20:04:05.783
Waypoint,Metz NL Inter A31,LFJL/W,49.0364,6.27861,,,PtRep,,LF,20,2023-12-09T20:04:05.783
Waypoint,Metz NL Peltre,LFJL/NE,49.0758,6.22333,,,PtRep,,LF,20,2023-12-09T20:04:05.783
Waypoint,Metz NL Pont ‡ Mousson Zone,LFJL/SW,48.8836,6.06139,,,PtRep,,LF,20,2023-12-09T20:04:05.783
Waypoint,Metz NL Poste EDF Vigy,LFJL/N1,49.1986,6.27917,,,PtRep,,LF,20,2023-12-09T20:04:05.783
Waypoint,Metz NL Verny,LFJL/M,49.0067,6.20556,,,PtRep,,LF,20,2023-12-09T20:04:05.783
Waypoint,Metz Sainte Marie Aux Chenes,LFSF/SMC,49.1931,6,,,PtRep,,LF,20,2023-12-09T20:04:05.783
Waypoint,Mont de Marsan CËre,LFBM/N,43.9928,-0.535278,,,PtRep,,LF,20,2023-12-09T20:04:05.783
Waypoint,Mont de Marsan Garein,LFBM/NW,44.0461,-0.650278,,,PtRep,,LF,20,2023-12-09T20:04:05.783
Waypoint,Mont de Marsan Le Caloy,LFBM/E,43.9417,-0.4075,,,PtRep,,LF,20,2023-12-09T20:04:05.783
Waypoint,Mont de Marsan Meilhan,LFBM/SW1,43.8639,-0.708333,,,PtRep,,LF,20,2023-12-09T20:04:05.783
Waypoint,Mont de Marsan Rocade Est,LFBM/SE,43.8894,-0.444444,,,PtRep,,LF,20,2023-12-09T20:04:05.783
Waypoint,Mont de Marsan Roquefort,LFBM/NE,44.0342,-0.323333,,,PtRep,,LF,20,2023-12-09T20:04:05.783
Waypoint,Mont de Marsan St-Gein,LFBM/SE1,43.8358,-0.300278,,,PtRep,,LF,20,2023-12-09T20:04:05.783
Waypoint,Mont de Marsan St-Perdon,LFBM/SW,43.8656,-0.590556,,,PtRep,,LF,20,2023-12-09T20:04:05.783
Waypoint,MontluÁon D. …tang de Sault,LFLT/S,46.3325,2.55972,,,PtRep,,LF,20,2023-12-09T20:04:05.783
Waypoint,MontluÁon D. Stade et Ctre Aqua,LFLT/N,46.3792,2.5825,,,PtRep,,LF,20,2023-12-09T20:04:05.783
Waypoint,Montpellier CarriËre de Beaulieu,LFMT/NF,43.7147,4.02,,,PtRep,,LF,20,2023-12-09T20:04:05.783
Waypoint,Montpellier Cath. Maguelone,LFMT/SW,43.5125,3.88361,,,PtRep,,LF,20,2023-12-09T20:04:05.783
Waypoint,Montpellier Ch d'eau Castries,LFMT/NE,43.68,3.98083,,,PtRep,,LF,20,2023-12-09T20:04:05.783
Waypoint,Montpellier Ch d'eau Mauguio + Ech.,LFMT/NC,43.6253,4.00389,,,PtRep,,LF,20,2023-12-09T20:04:05.783
Waypoint,Montpellier Ech. Prades,LFMT/PF,43.7292,3.86972,,,PtRep,,LF,20,2023-12-09T20:04:05.783
Waypoint,Montpellier Ech. St Georges,LFMT/WF,43.6347,3.75806,,,PtRep,,LF,20,2023-12-09T20:04:05.783
Waypoint,Montpellier Echangeur D62/D61 N Gde M,LFMT/ER,43.5786,4.10083,,,PtRep,,LF,20,2023-12-09T20:04:05.783
Waypoint,Montpellier Emb. Canal Recul,LFMT/SA,43.46,4.2325,,,PtRep,,LF,20,2023-12-09T20:04:05.783
Waypoint,Montpellier Nord SommiËres,LFMT/N,43.7914,4.09028,,,PtRep,,LF,20,2023-12-09T20:04:05.783
Waypoint,Montpellier PÈage Saint Jean de Vedas,LFMT/W,43.5622,3.83056,,,PtRep,,LF,20,2023-12-09T20:04:05.783
Waypoint,Montpellier Pont entre Ètangs,LFMT/SF,43.4661,3.81528,,,PtRep,,LF,20,2023-12-09T20:04:05.783
Waypoint,Montpellier Remparts Aigues M,LFMT/AM,43.5636,4.19278,,,PtRep,,LF,20,2023-12-09T20:04:05.783
Waypoint,Montpellier Sud Ph Espiguette,LFMT/ES,43.4828,4.14194,,,PtRep,,LF,20,2023-12-09T20:04:05.783
Waypoint,Muret Boucle de l'AriËge,LFBR/SA,43.4,1.44167,,,PtRep,,LF,20,2023-12-09T20:04:05.783
Waypoint,Muret NoÈ,LFBR/SN,43.3583,1.275,,,PtRep,,LF,20,2023-12-09T20:04:05.783
Waypoint,Nancy Ochey Dieulouard,LFSO/N,48.8375,6.06889,,,PtRep,,LF,20,2023-12-09T20:04:05.783
Waypoint,Nancy Ochey Frouard,LFSO/E,48.7639,6.13056,,,PtRep,,LF,20,2023-12-09T20:04:05.783
Waypoint,Nancy Ochey Toul,LFSO/S,48.6833,5.9,,,PtRep,,LF,20,2023-12-09T20:04:05.783
Waypoint,Nancy Ochey Void Vacon,LFSO/W,48.6833,5.61667,,,PtRep,,LF,20,2023-12-09T20:04:05.783
Waypoint,Nantes Bourgneuf en R.,LFRS/W3,47.0433,-1.9525,,,PtRep,,LF,20,2023-12-09T20:04:05.783
Waypoint,Nantes Ch. D eau (Hel),LFRS/HW,47.1656,-1.64083,,,PtRep,,LF,20,2023-12-09T20:04:05.783
Waypoint,Nantes Ch. Eau La Haye F.,LFRS/NE,47.1522,-1.39056,,,PtRep,,LF,20,2023-12-09T20:04:05.783
Waypoint,Nantes Clisson,LFRS/E2,47.0839,-1.26889,,,PtRep,,LF,20,2023-12-09T20:04:05.783
Waypoint,Nantes Cordemais,LFRS/W2,47.2917,-1.87806,,,PtRep,,LF,20,2023-12-09T20:04:05.783
Waypoint,Nantes Ecluse Canal MartiniËre,LFRS/W,47.2072,-1.78639,,,PtRep,,LF,20,2023-12-09T20:04:05.783
Waypoint,Nantes Hangar (Hel),LFRS/HE,47.1461,-1.5925,,,PtRep,,LF,20,2023-12-09T20:04:05.783
Waypoint,Nantes Nort sur Erdre,LFRS/W1,47.4406,-1.5,,,PtRep,,LF,20,2023-12-09T20:04:05.783
Waypoint,Nantes PÈage Rd-Pt Butay,LFRS/E,47.0964,-1.44917,,,PtRep,,LF,20,2023-12-09T20:04:05.783
Waypoint,Nantes Pt de Varades,LFRS/E1,47.3722,-1.02111,,,PtRep,,LF,20,2023-12-09T20:04:05.783
Waypoint,Nantes Sainte Pazanne,LFRS/SW,47.1078,-1.78861,,,PtRep,,LF,20,2023-12-09T20:04:05.783
Waypoint,Nantes Sautron (H.T.),LFRS/NW,47.2572,-1.68528,,,PtRep,,LF,20,2023-12-09T20:04:05.783
Waypoint,Nantes St Denis lËs Lucs,LFRS/E3,46.8381,-1.41722,,,PtRep,,LF,20,2023-12-09T20:04:05.783
Waypoint,Nantes Ste Pazanne,LFRS/W4,47.1078,-1.78861,,,PtRep,,LF,20,2023-12-09T20:04:05.783
Waypoint,Nice 1 nm Sud Cap Gros,LFMN/SB,43.5353,7.145,,,PtRep,,LF,20,2023-12-09T20:04:05.783
Waypoint,Nice 1 nm sud Ile Saint Honorat,LFMN/SA,43.4889,7.04694,,,PtRep,,LF,20,2023-12-09T20:04:05.783
Waypoint,Nice 1.5 NM Sud Port Menton,LFMN/E,43.75,7.51111,,,PtRep,,LF,20,2023-12-09T20:04:05.783
Waypoint,Nice Bge Nord Var,LFMN/NA,43.75,7.18889,,,PtRep,,LF,20,2023-12-09T20:04:05.783
Waypoint,Nice Ch. De Cagnes,LFMN/WA,43.6669,7.14556,,,PtRep,,LF,20,2023-12-09T20:04:05.783
Waypoint,Nice en Mer Pt TE,LFMN/TE,43.6386,7.3025,,,PtRep,,LF,20,2023-12-09T20:04:05.783
Waypoint,Nice en Mer Pt TS,LFMN/TS,43.5836,7.22,,,PtRep,,LF,20,2023-12-09T20:04:05.783
Waypoint,Nice Golf Sud Opio,LFMN/EW,43.66,6.98,,,PtRep,,LF,20,2023-12-09T20:04:05.783
Waypoint,Nice PÈage Saint Isidore,LFMN/NB,43.7,7.18806,,,PtRep,,LF,20,2023-12-09T20:04:05.783
Waypoint,Nice Pt autoroute sur Var,LFMN/WN,43.6683,7.19722,,,PtRep,,LF,20,2023-12-09T20:04:05.783
Waypoint,Nice Sud MusÈe OcÈanogr.,LFMN/EC,43.7014,7.42694,,,PtRep,,LF,20,2023-12-09T20:04:05.783
Waypoint,Nice Tr. Pte du Colombier,LFMN/EA,43.6547,7.34556,,,PtRep,,LF,20,2023-12-09T20:04:05.783
Waypoint,NÓmes C. Aimargues,LFME/AS,43.6819,4.21389,,,PtRep,,LF,20,2023-12-09T20:04:05.783
Waypoint,NÓmes C. Arles,LFME/AL,43.6664,4.5875,,,PtRep,,LF,20,2023-12-09T20:04:05.783
Waypoint,NÓmes C. Beaucaire ,LFME/BC,43.8303,4.63333,,,PtRep,,LF,20,2023-12-09T20:04:05.783
Waypoint,NÓmes C. Calvisson,LFME/CA,43.7794,4.19472,,,PtRep,,LF,20,2023-12-09T20:04:05.783
Waypoint,NÓmes C. Collias,LFME/CS,43.9528,4.47833,,,PtRep,,LF,20,2023-12-09T20:04:05.783
Waypoint,NÓmes C. …cluse,LFME/SG,43.6442,4.43222,,,PtRep,,LF,20,2023-12-09T20:04:05.783
Waypoint,NÓmes C. PÈage,LFME/PA,43.6903,4.54472,,,PtRep,,LF,20,2023-12-09T20:04:05.783
Waypoint,NÓmes G Bellegarde (HÈl.),LFTW/BG,43.7533,4.51444,,,PtRep,,LF,20,2023-12-09T20:04:05.783
Waypoint,NÓmes G Canal W Etg du Charnier,LFTW/ET,43.6192,4.25944,,,PtRep,,LF,20,2023-12-09T20:04:05.783
Waypoint,NÓmes G Nord Beaucaire ,LFTW/BC,43.8303,4.63333,,,PtRep,,LF,20,2023-12-09T20:04:05.783
Waypoint,NÓmes G Redessan (HÈl.),LFTW/RD,43.8314,4.49722,,,PtRep,,LF,20,2023-12-09T20:04:05.783
Waypoint,NÓmes G Saint Cesaire (HÈl.),LFTW/CZ,43.8153,4.32861,,,PtRep,,LF,20,2023-12-09T20:04:05.783
Waypoint,NÓmes G Sud Calvisson,LFTW/CA,43.7794,4.19472,,,PtRep,,LF,20,2023-12-09T20:04:05.783
Waypoint,NÓmes G Uchaud (HÈl.),LFTW/UH,43.7561,4.2675,,,PtRep,,LF,20,2023-12-09T20:04:05.783
Waypoint,NÓmes G West Arles,LFTW/AL,43.6664,4.5875,,,PtRep,,LF,20,2023-12-09T20:04:05.783
Waypoint,NÓmes G. Aimargues,LFTW/AS,43.6819,4.21389,,,PtRep,,LF,20,2023-12-09T20:04:05.783
Waypoint,NÓmes G. Collias,LFTW/CS,43.9528,4.47833,,,PtRep,,LF,20,2023-12-09T20:04:05.783
Waypoint,NÓmes G. …cluse Sud St-Gilles,LFTW/SG,43.6442,4.43222,,,PtRep,,LF,20,2023-12-09T20:04:05.783
Waypoint,NÓmes G. PÈage Arles,LFTW/PA,43.6903,4.54472,,,PtRep,,LF,20,2023-12-09T20:04:05.783
Waypoint,Orange Bourg St-AndrÈol,LFMO/NW,44.3736,4.63972,,,PtRep,,LF,20,2023-12-09T20:04:05.783
Waypoint,Orange Caderousse,LFMO/WA,44.1042,4.75972,,,PtRep,,LF,20,2023-12-09T20:04:05.783
Waypoint,Orange Carpentras,LFMO/SE,44.0669,5.03722,,,PtRep,,LF,20,2023-12-09T20:04:05.783
Waypoint,Orange Mondragon,LFMO/WB,44.2419,4.71194,,,PtRep,,LF,20,2023-12-09T20:04:05.783
Waypoint,Orange Nd Roquemaure,LFMO/SW,44.0694,4.76583,,,PtRep,,LF,20,2023-12-09T20:04:05.783
Waypoint,Orange Plan de Dieu,LFMO/E,44.1789,4.91889,,,PtRep,,LF,20,2023-12-09T20:04:05.783
Waypoint,Orange Tulette,LFMO/NE,44.2839,4.92694,,,PtRep,,LF,20,2023-12-09T20:04:05.783
Waypoint,Orleans Br Aire Repos A10,LFOJ/S,47.8194,1.64167,,,PtRep,,LF,20,2023-12-09T20:04:05.783
Waypoint,Orleans Br Ech. A10 A71,LFOJ/SE,47.9028,1.84722,,,PtRep,,LF,20,2023-12-09T20:04:05.783
Waypoint,Orleans Br Etang Nd Artenay,LFOJ/N,48.1019,1.88333,,,PtRep,,LF,20,2023-12-09T20:04:05.783
Waypoint,Orleans Br Saran Echang.,LFOJ/E,47.95,1.84889,,,PtRep,,LF,20,2023-12-09T20:04:05.783
Waypoint,Orleans Br ZI Patay,LFOJ/NW,48.0472,1.70417,,,PtRep,,LF,20,2023-12-09T20:04:05.783
Waypoint,Paris Orly Brie Comte Robert,LFPO/BCR,48.7,2.60306,,,PtRep,,LF,20,2023-12-09T20:04:05.783
Waypoint,Paris Orly Vaires,LFPO/VAI,48.875,2.64306,,,PtRep,,LF,20,2023-12-09T20:04:05.783
Waypoint,Pau Ch. d'eau,LFBP/S,43.2986,-0.486667,,,PtRep,,LF,20,2023-12-09T20:04:05.783
Waypoint,Pau Ch. Eau ‡ LËme,LFBP/N,43.4947,-0.37,,,PtRep,,LF,20,2023-12-09T20:04:05.783
Waypoint,Pau Inter RN134 D944,LFBP/NE,43.46,-0.322778,,,PtRep,,LF,20,2023-12-09T20:04:05.783
Waypoint,Pau Moneim,LFBP/SW,43.3211,-0.577778,,,PtRep,,LF,20,2023-12-09T20:04:05.783
Waypoint,Pau NavaillËs Angos ch. eau,LFBP/NA,43.42,-0.346111,,,PtRep,,LF,20,2023-12-09T20:04:05.783
Waypoint,Pau Rd Pt RN117 D509 Silos,LFBP/SA,43.3367,-0.460556,,,PtRep,,LF,20,2023-12-09T20:04:05.783
Waypoint,Pau Rd Pt RN134 D100 JuranÁon,LFBP/SE,43.2789,-0.387778,,,PtRep,,LF,20,2023-12-09T20:04:05.783
Waypoint,Pau West Artix A64 H.T.,LFBP/W,43.415,-0.575556,,,PtRep,,LF,20,2023-12-09T20:04:05.783
Waypoint,Perpignan Ech. N612/N9 Mas Sab.,LFMP/MS,42.6083,2.86056,,,PtRep,,LF,20,2023-12-09T20:04:05.783
Waypoint,Perpignan Embouch. Agly,LFMP/E,42.7789,3.03861,,,PtRep,,LF,20,2023-12-09T20:04:05.783
Waypoint,Perpignan EntrÈe Port Canet,LFMP/SE,42.7031,3.0375,,,PtRep,,LF,20,2023-12-09T20:04:05.783
Waypoint,Perpignan EntrÈe Port St-Cyprien,LFMP/PC,42.6197,3.03917,,,PtRep,,LF,20,2023-12-09T20:04:05.783
Waypoint,Perpignan Ph. Cap Leucate,LFMP/NL,42.9103,3.05583,,,PtRep,,LF,20,2023-12-09T20:04:05.783
Waypoint,Perpignan Plan d'eau Bosigues,LFMP/WS,42.6819,2.75917,,,PtRep,,LF,20,2023-12-09T20:04:05.783
Waypoint,Perpignan Pont sur l'Agly,LFMP/EA,42.7639,2.98694,,,PtRep,,LF,20,2023-12-09T20:04:05.783
Waypoint,Perpignan Prequ'ile Port Fitou,LFMP/NF,42.8767,3.05583,,,PtRep,,LF,20,2023-12-09T20:04:05.783
Waypoint,Peyresourde  (Col de ),LFIP/E,42.8028,0.465278,,,PtRep,,LF,20,2023-12-09T20:04:05.783
Waypoint,Peyresourde Arreau,LFIP/N1,42.9014,0.370833,,,PtRep,,LF,20,2023-12-09T20:04:05.783
Waypoint,Peyresourde Centr. Electr.,LFIP/S,42.7861,0.411111,,,PtRep,,LF,20,2023-12-09T20:04:05.783
Waypoint,Peyresourde N Lac Genos,LFIP/N2,42.8119,0.407778,,,PtRep,,LF,20,2023-12-09T20:04:05.783
Waypoint,Phalsbourg 2 Rd-Point Nd 3 Fontaines,LFQP/SW,48.69,7.13417,,,PtRep,,LF,20,2023-12-09T20:04:05.783
Waypoint,Phalsbourg Ant. De Donon,LFQP/DN,48.51,7.16139,,,PtRep,,LF,20,2023-12-09T20:04:05.783
Waypoint,Phalsbourg Centrale voltaÔque Ingviller,LFQP/NE,48.8667,7.45722,,,PtRep,,LF,20,2023-12-09T20:04:05.783
Waypoint,Phalsbourg Crois. LGV/D43 Sud Sarraltroff,LFQP/W,48.7647,7.06694,,,PtRep,,LF,20,2023-12-09T20:04:05.783
Waypoint,Phalsbourg Ech. De Bl‚mont,LFQP/BL,48.6075,6.86139,,,PtRep,,LF,20,2023-12-09T20:04:05.783
Waypoint,Phalsbourg Ech. De Ley,LFQP/DZ,48.7406,6.66417,,,PtRep,,LF,20,2023-12-09T20:04:05.783
Waypoint,Phalsbourg Ech. W Drulingen,LFQP/N,48.8633,7.18111,,,PtRep,,LF,20,2023-12-09T20:04:05.783
Waypoint,Phalsbourg Hangar prox. Rd Pt Sud Dossenheim,LFQP/E,48.8003,7.40444,,,PtRep,,LF,20,2023-12-09T20:04:05.783
Waypoint,Phalsbourg La Hoube,LFQP/S,48.6522,7.27083,,,PtRep,,LF,20,2023-12-09T20:04:05.783
Waypoint,Phare de la Fourmigue,LFMN/PF,43.5394,7.67778,,,PtRep,,LF,20,2023-12-09T20:04:05.783
Waypoint,Plage du Petit Nice,LFCH/SD,44.5731,-1.22333,,,PtRep,,LF,20,2023-12-09T20:04:05.783
Waypoint,Poitiers A10 RÈservoir,LFBI/S,46.4486,0.269444,,,PtRep,,LF,20,2023-12-09T20:04:05.783
Waypoint,Poitiers Chem orange Usine,LFBI/EA,46.5917,0.394444,,,PtRep,,LF,20,2023-12-09T20:04:05.783
Waypoint,Poitiers Neuville de Poitou,LFBI/N,46.7042,0.266667,,,PtRep,,LF,20,2023-12-09T20:04:05.783
Waypoint,Poitiers Rd Pt Moulinet,LFBI/WA,46.6286,0.264167,,,PtRep,,LF,20,2023-12-09T20:04:05.783
Waypoint,Poitiers StJulien Ars VF/Rte,LFBI/E,46.5589,0.500556,,,PtRep,,LF,20,2023-12-09T20:04:05.783
Waypoint,Poitiers VouillÈ rte riviËre,LFBI/W,46.6467,0.170278,,,PtRep,,LF,20,2023-12-09T20:04:05.783
Waypoint,Pontoise Ch. Eau Bercagny,LFPT/NW,49.1475,1.89917,,,PtRep,,LF,20,2023-12-09T20:04:05.783
Waypoint,Pontoise Distillerie FrÈmainville,LFPT/W,49.0672,1.87694,,,PtRep,,LF,20,2023-12-09T20:04:05.783
Waypoint,Pontoise …nnery,LFPT/E,49.0783,2.10722,,,PtRep,,LF,20,2023-12-09T20:04:05.783
Waypoint,Pontoise Sud RÈs. Gargenville,LFPT/SW,48.9706,1.79611,,,PtRep,,LF,20,2023-12-09T20:04:05.783
Waypoint,Quimper Guengat,LFRQ/NW,48.0431,-4.20417,,,PtRep,,LF,20,2023-12-09T20:04:05.783
Waypoint,Quimper Inter D765 D784,LFRQ/N,48.0044,-4.16111,,,PtRep,,LF,20,2023-12-09T20:04:05.783
Waypoint,Quimper Plomelin intersect. 4 voies,LFRQ/S,47.9397,-4.17806,,,PtRep,,LF,20,2023-12-09T20:04:05.783
Waypoint,Quimper Pont-l'AbbÈ,LFRQ/SW,47.8697,-4.22194,,,PtRep,,LF,20,2023-12-09T20:04:05.783
Waypoint,Quimper Pouldreuzic,LFRQ/W,47.9556,-4.35833,,,PtRep,,LF,20,2023-12-09T20:04:05.783
Waypoint,Quimper Pt de Cornouaille BÈnodet,LFRQ/SE,47.8875,-4.11806,,,PtRep,,LF,20,2023-12-09T20:04:05.783
Waypoint,Quimper Ty Sanguer,LFRQ/NE,48.04,-4.06917,,,PtRep,,LF,20,2023-12-09T20:04:05.783
Waypoint,Rennes Betton,LFRN/NE,48.1856,-1.65028,,,PtRep,,LF,20,2023-12-09T20:04:05.783
Waypoint,Rennes Bruz,LFRN/S,48.0231,-1.74389,,,PtRep,,LF,20,2023-12-09T20:04:05.783
Waypoint,Rennes Cesson-SÈvignÈ Echangeur,LFRN/E,48.1167,-1.56667,,,PtRep,,LF,20,2023-12-09T20:04:05.783
Waypoint,Rennes Corps Nuds,LFRN/SE,47.9819,-1.58444,,,PtRep,,LF,20,2023-12-09T20:04:05.783
Waypoint,Rennes Guichen,LFRN/SW,47.9697,-1.79528,,,PtRep,,LF,20,2023-12-09T20:04:05.783
Waypoint,Rennes Saint Gilles Ech N12,LFRN/NW,48.1578,-1.83083,,,PtRep,,LF,20,2023-12-09T20:04:05.783
Waypoint,Rennes Vezin le Coquet,LFRN/N,48.125,-1.75833,,,PtRep,,LF,20,2023-12-09T20:04:05.783
Waypoint,Renneville HÈl. Antenne,LFHREN/ER,43.3681,1.7475,,,PtRep,,LF,20,2023-12-09T20:04:05.783
Waypoint,Renneville HÈl. Canal W Aqueduc Voutes,LFHREN/NA,43.3847,1.70472,,,PtRep,,LF,20,2023-12-09T20:04:05.783
Waypoint,Renneville HÈl. D25/CV de la Guirande,LFHREN/SA,43.3594,1.72917,,,PtRep,,LF,20,2023-12-09T20:04:05.783
Waypoint,Renneville HÈl. Est Lac,LFHREN/WR,43.3489,1.65306,,,PtRep,,LF,20,2023-12-09T20:04:05.783
Waypoint,Renneville HÈl. Lestrade,LFHREN/SR,43.3306,1.79083,,,PtRep,,LF,20,2023-12-09T20:04:05.783
Waypoint,Renneville HÈl. Oaransou 400 m Sud Le Breton,LFHREN/WA,43.3567,1.71,,,PtRep,,LF,20,2023-12-09T20:04:05.783
Waypoint,Renneville HÈl. PÈage Villefranche,LFHREN/NR,43.3989,1.69694,,,PtRep,,LF,20,2023-12-09T20:04:05.783
Waypoint,Renneville HÈl. Sierra Bravo,LFHREN/SB,43.3647,1.72778,,,PtRep,,LF,20,2023-12-09T20:04:05.783
Waypoint,Renneville HÈl. W Ferme En Bayssie,LFHREN/WB,43.3703,1.6875,,,PtRep,,LF,20,2023-12-09T20:04:05.783
Waypoint,Rodez Baraqueville prËs Lac,LFCR/S,44.2778,2.42778,,,PtRep,,LF,20,2023-12-09T20:04:05.783
Waypoint,Rodez Bozouls,LFCR/N,44.4717,2.72278,,,PtRep,,LF,20,2023-12-09T20:04:05.783
Waypoint,Rodez Montrozier,LFCR/E,44.4075,2.74194,,,PtRep,,LF,20,2023-12-09T20:04:05.783
Waypoint,Rodez MoyrazÈs,LFCR/SA,44.3444,2.44111,,,PtRep,,LF,20,2023-12-09T20:04:05.783
Waypoint,Rodez Tr Nd PrÈvinquiËres,LFCR/W,44.3761,2.23611,,,PtRep,,LF,20,2023-12-09T20:04:05.783
Waypoint,Rodez Tr Nd SÈbazac Est VF,LFCR/EA,44.4081,2.60417,,,PtRep,,LF,20,2023-12-09T20:04:05.783
Waypoint,Rouen Aire de BORD,LFOP/SB,49.2681,1.13722,,,PtRep,,LF,20,2023-12-09T20:04:05.783
Waypoint,Rouen …changeur Isneauville,LFOP/N,49.4897,1.145,,,PtRep,,LF,20,2023-12-09T20:04:05.783
Waypoint,Rouen Ecluses Etg de Poses,LFOP/S,49.3122,1.23722,,,PtRep,,LF,20,2023-12-09T20:04:05.783
Waypoint,Rouen Fleury sur And.,LFOP/E,49.3586,1.35889,,,PtRep,,LF,20,2023-12-09T20:04:05.783
Waypoint,Rouen Karting Ambourville,LFOP/AC,49.4481,0.905278,,,PtRep,,LF,20,2023-12-09T20:04:05.783
Waypoint,Rouen Viaduc Barentin,LFOP/NW,49.5475,0.956389,,,PtRep,,LF,20,2023-12-09T20:04:05.783
Waypoint,Rouen Viaduc Orival,LFOP/W,49.31,0.999167,,,PtRep,,LF,20,2023-12-09T20:04:05.783
Waypoint,Saint Chamond HÈl.Sierra Echo VF,LFHSTC/SE,45.4719,4.51611,,,PtRep,,LF,20,2023-12-09T20:04:05.783
Waypoint,Saint Etienne Butte Saint Romain le Puy,LFMH/W,45.5575,4.12583,,,PtRep,,LF,20,2023-12-09T20:04:05.783
Waypoint,Saint Etienne Hippodr. Feurs,LFMH/N,45.7394,4.22139,,,PtRep,,LF,20,2023-12-09T20:04:05.783
Waypoint,Saint Etienne Int. Montrond les Bains,LFMH/NA,45.6442,4.23139,,,PtRep,,LF,20,2023-12-09T20:04:05.783
Waypoint,Saint Etienne Intersec. Firminy,LFMH/S,45.3928,4.29167,,,PtRep,,LF,20,2023-12-09T20:04:05.783
Waypoint,Saint Etienne Saint Chamond Gare,LFMH/SE,45.4731,4.51833,,,PtRep,,LF,20,2023-12-09T20:04:05.783
Waypoint,Saint Etienne Saint Symphorien Eglise,LFMH/NE,45.6325,4.45389,,,PtRep,,LF,20,2023-12-09T20:04:05.783
Waypoint,Saint Nazaire Ech. Pontch‚teau,LFRZ/N,47.4464,-2.09028,,,PtRep,,LF,20,2023-12-09T20:04:05.783
Waypoint,Saint Nazaire Herbignac,LFRZ/NW,47.4497,-2.31694,,,PtRep,,LF,20,2023-12-09T20:04:05.783
Waypoint,Saint Nazaire Lac ImmaculÈe,LFRZ/W1,47.2786,-2.25556,,,PtRep,,LF,20,2023-12-09T20:04:05.783
Waypoint,Saint Nazaire Paimboeuf,LFRZ/E,47.2817,-2.02833,,,PtRep,,LF,20,2023-12-09T20:04:05.783
Waypoint,Saint Nazaire Pte de Chemoulin,LFRZ/W,47.2342,-2.29861,,,PtRep,,LF,20,2023-12-09T20:04:05.783
Waypoint,Saint Yan Charolles,LFLN/E,46.4339,4.275,,,PtRep,,LF,20,2023-12-09T20:04:05.783
Waypoint,Saint Yan GÈnelard,LFLN/NE,46.5819,4.23944,,,PtRep,,LF,20,2023-12-09T20:04:05.783
Waypoint,Saint Yan Iguerande,LFLN/S,46.2031,4.07778,,,PtRep,,LF,20,2023-12-09T20:04:05.783
Waypoint,Saint Yan Le Donjon,LFLN/W,46.3506,3.79389,,,PtRep,,LF,20,2023-12-09T20:04:05.783
Waypoint,Saint Yan Le Pin Ch Eau SE,LFLN/WA,46.4069,3.90083,,,PtRep,,LF,20,2023-12-09T20:04:05.783
Waypoint,Saint Yan Paray Le M Embr. VF,LFLN/EA,46.44,4.14083,,,PtRep,,LF,20,2023-12-09T20:04:05.783
Waypoint,Saint Yan Pierrefitte s Loire,LFLN/NW,46.5067,3.81611,,,PtRep,,LF,20,2023-12-09T20:04:05.783
Waypoint,Saint Yan W Avrilly,LFLN/SA,46.3347,3.96278,,,PtRep,,LF,20,2023-12-09T20:04:05.783
Waypoint,Salon Barrage NE Mallemort,LFMY/ME,43.7397,5.20111,,,PtRep,,LF,20,2023-12-09T20:04:05.783
Waypoint,Salon Circuit Michelin,LFMY/W,43.6286,5.04056,,,PtRep,,LF,20,2023-12-09T20:04:05.783
Waypoint,Salon …tang Nd Charleval,LFMY/CH,43.7317,5.24167,,,PtRep,,LF,20,2023-12-09T20:04:05.783
Waypoint,Salon La Roque Croisement,LFMY/LR,43.7222,5.27528,,,PtRep,,LF,20,2023-12-09T20:04:05.783
Waypoint,Salon Lamanon,LFMY/LA,43.7006,5.10167,,,PtRep,,LF,20,2023-12-09T20:04:05.783
Waypoint,Salon LanÁon - PÈage,LFMY/S,43.5939,5.19472,,,PtRep,,LF,20,2023-12-09T20:04:05.783
Waypoint,Salon Nord EyguiËres,LFMY/EG,43.7197,5.02444,,,PtRep,,LF,20,2023-12-09T20:04:05.783
Waypoint,Salon PÈage SÈnas,LFMY/PS,43.7406,5.09111,,,PtRep,,LF,20,2023-12-09T20:04:05.783
Waypoint,Salon Pt TGV Cavaillon,LFMY/CV,43.8108,5.04222,,,PtRep,,LF,20,2023-12-09T20:04:05.783
Waypoint,Salon SE Cornillon,LFMY/SW,43.555,5.08833,,,PtRep,,LF,20,2023-12-09T20:04:05.783
Waypoint,Salon/Saint-Cannat - La Pile,LFMY/LP,43.6164,5.315,,,PtRep,,LF,20,2023-12-09T20:04:05.783
Waypoint,Sierra de Toussus,LFPN/S,48.7097,2.11028,,,PtRep,,LF,20,2023-12-09T20:04:05.783
Waypoint,Solenzara Fautea,LFKS/AS,41.7164,9.40194,,,PtRep,,LF,20,2023-12-09T20:04:05.783
Waypoint,Solenzara Ghisonaccia AD,LFKS/AW,42.0356,9.40028,,,PtRep,,LF,20,2023-12-09T20:04:05.783
Waypoint,St Dizier Biesme,LFSI/N1,48.725,4.77278,,,PtRep,,LF,20,2023-12-09T20:04:05.783
Waypoint,St Dizier Cheminon,LFSI/N,48.7358,4.9025,,,PtRep,,LF,20,2023-12-09T20:04:05.783
Waypoint,St Dizier Orconte,LFSI/N2,48.6697,4.73583,,,PtRep,,LF,20,2023-12-09T20:04:05.783
Waypoint,St Dizier Rachecourt,LFSI/E2,48.5258,5.1025,,,PtRep,,LF,20,2023-12-09T20:04:05.783
Waypoint,St Dizier Stainville,LFSI/E1,48.6531,5.18583,,,PtRep,,LF,20,2023-12-09T20:04:05.783
Waypoint,St Dizier Wassy,LFSI/S,48.5031,4.95611,,,PtRep,,LF,20,2023-12-09T20:04:05.783
Waypoint,St-Cyr N12 Les G‚tines (78),LFPZ/P1,48.7992,1.96583,,,PtRep,,LF,20,2023-12-09T20:04:05.783
Waypoint,St-Cyr N12 ZAC Pissaloup (78),LFPZ/P2,48.7989,1.99083,,,PtRep,,LF,20,2023-12-09T20:04:05.783
Waypoint,Strasbourg Base naut Plobsheim,LFST/E,48.4769,7.75194,,,PtRep,,LF,20,2023-12-09T20:04:05.783
Waypoint,Strasbourg B‚t industriel,LFST/W,48.6897,7.49889,,,PtRep,,LF,20,2023-12-09T20:04:05.783
Waypoint,Strasbourg Ch. Eau Kolbsheim,LFST/WA,48.5642,7.6,,,PtRep,,LF,20,2023-12-09T20:04:05.783
Waypoint,Strasbourg Ech. A35 D400,LFST/EA,48.525,7.66528,,,PtRep,,LF,20,2023-12-09T20:04:05.783
Waypoint,Strasbourg Ech. Brumath Nord A4/A340,LFST/N,48.7483,7.68417,,,PtRep,,LF,20,2023-12-09T20:04:05.783
Waypoint,Strasbourg Ergersheim D30/D45,LFST/W1,48.5694,7.52806,,,PtRep,,LF,20,2023-12-09T20:04:05.783
Waypoint,Strasbourg Ittenheim RN4,LFST/WB,48.6028,7.59583,,,PtRep,,LF,20,2023-12-09T20:04:05.783
Waypoint,Strasbourg Jonct. Autor. A35/RN83,LFST/S,48.3211,7.48833,,,PtRep,,LF,20,2023-12-09T20:04:05.783
Waypoint,Strasbourg Pt de l'Europe,LFST/N1,48.5736,7.80167,,,PtRep,,LF,20,2023-12-09T20:04:05.783
Waypoint,Strasbourg Rd Pt Dorlisheim,LFST/W2,48.52,7.49778,,,PtRep,,LF,20,2023-12-09T20:04:05.783
Waypoint,Strasbourg Rd Pt RN83 RN353,LFST/EB,48.5083,7.69667,,,PtRep,,LF,20,2023-12-09T20:04:05.783
Waypoint,Strasbourg Sud Gambsheim,LFST/NE,48.6839,7.87556,,,PtRep,,LF,20,2023-12-09T20:04:05.783
Waypoint,Tarbes MomËres,LFBT/EA,43.1764,0.0877778,,,PtRep,,LF,20,2023-12-09T20:04:05.783
Waypoint,Tarbes Pontacq,LFBT/W,43.1928,-0.116389,,,PtRep,,LF,20,2023-12-09T20:04:05.783
Waypoint,Tarbes Viaduc Autoroute,LFBT/E,43.1972,0.195278,,,PtRep,,LF,20,2023-12-09T20:04:05.783
Waypoint,Toulon HÈl. Ech Valette Sud,LFHTSA/VS,43.1439,6.025,,,PtRep,,LF,20,2023-12-09T20:04:05.783
Waypoint,Toulon HÈl. Gare de la Seyne,LFHTSA/GS,43.1156,5.86194,,,PtRep,,LF,20,2023-12-09T20:04:05.783
Waypoint,Toulouse Boucle AriËge,LFBO/SA,43.4,1.44167,,,PtRep,,LF,20,2023-12-09T20:04:05.783
Waypoint,Toulouse Castelnau,LFBO/N,43.7833,1.35,,,PtRep,,LF,20,2023-12-09T20:04:05.783
Waypoint,Toulouse Ch. d'eau Blagnac,LFBO/EB,43.6453,1.38333,,,PtRep,,LF,20,2023-12-09T20:04:05.783
Waypoint,Toulouse Ech. N Montastruc,LFBO/EN,43.7403,1.59167,,,PtRep,,LF,20,2023-12-09T20:04:05.783
Waypoint,Toulouse Ech. N124 Zone Comm,LFBO/WD,43.6064,1.30694,,,PtRep,,LF,20,2023-12-09T20:04:05.783
Waypoint,Toulouse Gare triage Saint Jory,LFBO/NA,43.7039,1.39194,,,PtRep,,LF,20,2023-12-09T20:04:05.783
Waypoint,Toulouse Labastide Beauvoir,LFBO/SL,43.4833,1.66667,,,PtRep,,LF,20,2023-12-09T20:04:05.783
Waypoint,Toulouse Lac forÍt Bouconne,LFBO/WF,43.6403,1.22806,,,PtRep,,LF,20,2023-12-09T20:04:05.783
Waypoint,Toulouse Lasb Astrium VF (ULM),LFCL/AS,43.5639,1.4975,,,PtRep,,LF,20,2023-12-09T20:04:05.783
Waypoint,Toulouse Lasb Lac de Laragou,LFCL/AE,43.6939,1.66139,,,PtRep,,LF,20,2023-12-09T20:04:05.783
Waypoint,Toulouse Lasb Lac Val de Saume,LFCL/DS,43.5481,1.60833,,,PtRep,,LF,20,2023-12-09T20:04:05.783
Waypoint,Toulouse Lasb Piscine (ULM),LFCL/PI,43.5333,1.55278,,,PtRep,,LF,20,2023-12-09T20:04:05.783
Waypoint,Toulouse Lasb Pont A68 D70,LFCL/DN,43.6542,1.52472,,,PtRep,,LF,20,2023-12-09T20:04:05.783
Waypoint,Toulouse NoÈ,LFBO/SN,43.3583,1.275,,,PtRep,,LF,20,2023-12-09T20:04:05.783
Waypoint,Toulouse PÈage Nord,LFBO/EA,43.6583,1.42528,,,PtRep,,LF,20,2023-12-09T20:04:05.783
Waypoint,Toulouse Relais Hertzien,LFBO/WH,43.6856,1.10278,,,PtRep,,LF,20,2023-12-09T20:04:05.783
Waypoint,Toulouse Silos BaziËges,LFBO/SB,43.4497,1.62917,,,PtRep,,LF,20,2023-12-09T20:04:05.783
Waypoint,Tours Beaumont la Ronce (Ch‚teau),LFOT/N,47.5708,0.67,,,PtRep,,LF,20,2023-12-09T20:04:05.783
Waypoint,Tours Ch‚teau Renault (N10/D766),LFOT/NE,47.5903,0.899722,,,PtRep,,LF,20,2023-12-09T20:04:05.783
Waypoint,Tours Ech. A10 Sud Tours,LFOT/S1,47.3297,0.693333,,,PtRep,,LF,20,2023-12-09T20:04:05.783
Waypoint,Tours Echangeur A85,LFOT/SW,47.3036,0.558333,,,PtRep,,LF,20,2023-12-09T20:04:05.783
Waypoint,Tours Esvres (VF/Indre),LFOT/S,47.2819,0.784722,,,PtRep,,LF,20,2023-12-09T20:04:05.783
Waypoint,Tours La Membrole (N138/D959),LFOT/W,47.4403,0.638611,,,PtRep,,LF,20,2023-12-09T20:04:05.783
Waypoint,Tours Vernou/Brenne (Tunnel TGV),LFOT/E,47.4244,0.836667,,,PtRep,,LF,20,2023-12-09T20:04:05.783
Waypoint,Toussus NH (800 m Nord),LFPN/NH,48.7592,2.1,,,PtRep,,LF,20,2023-12-09T20:04:05.783
Waypoint,Valence Ech. VF Livron,LFLU/S,44.7761,4.82639,,,PtRep,,LF,20,2023-12-09T20:04:05.783
Waypoint,Valence Gare triage PLV,LFLU/SA,44.8739,4.87167,,,PtRep,,LF,20,2023-12-09T20:04:05.783
Waypoint,Valence HÈl. Couleures,LFHVAL/HN,44.9556,4.93139,,,PtRep,,LF,20,2023-12-09T20:04:05.783
Waypoint,Valence HÈl. …toile,LFHVAL/HS,44.8392,4.89472,,,PtRep,,LF,20,2023-12-09T20:04:05.783
Waypoint,Valence PÈage Chatuzange,LFLU/NE,45.0258,5.09694,,,PtRep,,LF,20,2023-12-09T20:04:05.783
Waypoint,Valence Pt sur IsËre,LFLU/NW,44.9986,4.87667,,,PtRep,,LF,20,2023-12-09T20:04:05.783
Waypoint,Vannes Colpo,LFRV/N,47.8183,-2.80611,,,PtRep,,LF,20,2023-12-09T20:04:05.783
Waypoint,Vannes …changeur SE Theix,LFRV/SE,47.6108,-2.61056,,,PtRep,,LF,20,2023-12-09T20:04:05.783
Waypoint,Vannes Pont prox Bono,LFRV/W,47.6397,-2.95389,,,PtRep,,LF,20,2023-12-09T20:04:05.783
Waypoint,Vannes Silos Est Elven,LFRV/E,47.7206,-2.58861,,,PtRep,,LF,20,2023-12-09T20:04:05.783
Waypoint,Villacoublay Complexe sportif Moulon,LFPV/MOU,48.7081,2.16111,,,PtRep,,LF,20,2023-12-09T20:04:05.783
Waypoint,Villacoublay Est …tang Saclay,LFPV/S1,48.7403,2.17667,,,PtRep,,LF,20,2023-12-09T20:04:05.783
Waypoint,Villacoublay Stade Limours,LFPV/S,48.6419,2.08583,,,PtRep,,LF,20,2023-12-09T20:04:05.783
Waypoint,Villacoublay W …tang St-Quentin,LFPV/W,48.7903,1.99528,,,PtRep,,LF,20,2023-12-09T20:04:05.783